paper_code,source_question_ref,id
NABARD-P1-ARD-2021,ARD-2021-Q161,daeaa52c-b8ba-4471-954c-299a4f7e7498
NABARD-P1-ARD-2021,ARD-2021-Q163,e79714d3-a654-4545-b795-f46cccb3c74b
NABARD-P1-ARD-2021,ARD-2021-Q165,c8fdf86b-55fe-4b3d-b1df-e451a083ff7a
NABARD-P1-ARD-2021,ARD-2021-Q167,d39eafd8-ba04-40c0-8ad1-db6d140ba461
NABARD-P1-ARD-2021,ARD-2021-Q169,b5f04429-1184-44bf-af81-eef7da1cf4dc
NABARD-P1-ARD-2021,ARD-2021-Q171,0bbe103a-13d5-47fc-95eb-93c27881a214
NABARD-P1-ARD-2021,ARD-2021-Q162,eeea0ffe-41f1-4b15-a459-bd8f821cb8ed
NABARD-P1-ARD-2021,ARD-2021-Q164,692da6a8-eb39-42d6-b9aa-e4eeb98928cd
NABARD-P1-ARD-2021,ARD-2021-Q166,05671186-2905-458f-8e20-f0360af7c736
NABARD-P1-ARD-2021,ARD-2021-Q168,5d37d81d-699f-4c30-a50b-97a244a9ed9d
NABARD-P1-ARD-2021,ARD-2021-Q170,7a62d023-3bb8-413f-8e79-d4e363fc4db3
NABARD-P1-ARD-2021,ARD-2021-Q172,d13c184f-5f70-4046-be41-228845e86330
NABARD-P1-ARD-2021,ARD-2021-Q174,f8adb11d-5869-4529-bd4d-b750fcf397ec
NABARD-P1-ARD-2021,ARD-2021-Q176,435eedca-06fd-4990-a277-f780fdb48885
NABARD-P1-ARD-2021,ARD-2021-Q178,451d8f95-9605-4b5d-b4d5-ef4022654bc6
NABARD-P1-ARD-2021,ARD-2021-Q180,2ddb84ee-12cd-46d5-b4eb-1b6929c7ed39
NABARD-P1-ARD-2021,ARD-2021-Q182,92da6f71-8080-4502-aa3f-8aca62784615
NABARD-P1-ARD-2021,ARD-2021-Q173,b4a8b34c-2e78-4813-a17a-122ba8c06ce7
NABARD-P1-ARD-2021,ARD-2021-Q175,eda0426d-8ae7-470b-8ab5-e7c541101603
NABARD-P1-ARD-2021,ARD-2021-Q177,bfff89c3-8f85-401c-8d98-ef7b4dc2d227
NABARD-P1-ARD-2021,ARD-2021-Q179,0f495dbc-7a0e-47df-8822-85268f2a5e0e
NABARD-P1-ARD-2021,ARD-2021-Q181,6a0e1767-75fe-4981-9c31-692f1664fe49
NABARD-P1-ARD-2021,ARD-2021-Q183,fd9b13d6-84d8-4008-bf85-8bf7021e0110
NABARD-P1-ARD-2021,ARD-2021-Q185,a8c42387-d4d7-48be-a156-d5b2cad2b5a5
NABARD-P1-ARD-2021,ARD-2021-Q187,b18b936d-e5ea-465b-b5aa-79984b4454f4
NABARD-P1-ARD-2021,ARD-2021-Q189,bf3067c3-81ec-454e-bbd7-8e933e7b0650
NABARD-P1-ARD-2021,ARD-2021-Q191,e421dbba-89f4-415c-b414-91cca768097f
NABARD-P1-ARD-2021,ARD-2021-Q193,e8986c82-946c-477c-b99b-7b397d0bff53
NABARD-P1-ARD-2021,ARD-2021-Q195,a954ede1-8158-4a4b-88dc-41ae345656e4
NABARD-P1-ARD-2021,ARD-2021-Q184,8760ace5-eeee-4fc3-b618-ac5f689ea59d
NABARD-P1-ARD-2021,ARD-2021-Q186,09febc23-0016-4292-930c-482e00315a4f
NABARD-P1-ARD-2021,ARD-2021-Q188,ea387796-758e-4954-815e-1d05efb0583d
NABARD-P1-ARD-2021,ARD-2021-Q190,8ab657c4-310b-40f2-bae0-0ccdf38b64a1
NABARD-P1-ARD-2021,ARD-2021-Q192,b9cefe10-0840-47e4-bfa3-f9ac991f775c
NABARD-P1-ARD-2021,ARD-2021-Q194,8d24d126-a619-4bc3-aeec-5be600e82786
NABARD-P1-ARD-2021,ARD-2021-Q196,85ea4765-4ffd-4dfe-bb10-00a7f070360b
NABARD-P1-ARD-2021,ARD-2021-Q198,c1033ba4-7102-467d-aa43-b58755117519
NABARD-P1-ARD-2021,ARD-2021-Q200,f06dae4a-15a5-4edf-a59e-8604a62fe495
NABARD-P1-ARD-2021,ARD-2021-Q197,3c5441c6-ea3b-46c4-a719-fe07f71a9cad
NABARD-P1-ARD-2021,ARD-2021-Q199,f5fa251b-7dee-4eea-a75e-7de383b59006
NABARD-P2-ARD-2021,ARD-2021-Q002,344783a0-3061-42f0-8665-3be8c0c503c0
NABARD-P2-ARD-2021,ARD-2021-Q001,e3840855-c7b0-4170-8409-7e6b63338437
NABARD-P2-ARD-2021,ARD-2021-Q003,fbadd367-ee5e-4ba5-99fc-75d4d410b83d
NABARD-P2-ARD-2021,ARD-2021-Q005,c646bbbe-66df-49ac-a923-e30780556cf5
NABARD-P2-ARD-2021,ARD-2021-Q007,dd568558-47b3-41d8-9fd6-c291bae84dc6
NABARD-P2-ARD-2021,ARD-2021-Q009,2599ed43-744a-43af-a6ea-6620b853b5e0
NABARD-P2-ARD-2021,ARD-2021-Q011,414da08b-6a53-40ec-88ad-df76557bde75
NABARD-P2-ARD-2021,ARD-2021-Q013,52f76edd-ef63-46c2-a389-5074a7f37043
NABARD-P2-ARD-2021,ARD-2021-Q015,8a2a44f7-699c-46dd-8e4d-e36737f6fae2
NABARD-P2-ARD-2021,ARD-2021-Q004,f6624695-c999-4b71-99ec-08f2691c564d
NABARD-P2-ARD-2021,ARD-2021-Q006,beb52192-3ea4-447e-9c96-ccccd5311e81
NABARD-P2-ARD-2021,ARD-2021-Q008,7b181ec8-1a4c-4d41-ba88-64308e2b8e21
NABARD-P2-ARD-2021,ARD-2021-Q010,56508bf4-a777-42b6-85a9-074ac406d2be
NABARD-P2-ARD-2021,ARD-2021-Q012,69338860-69c2-457b-92be-9487faf93144
NABARD-P2-ARD-2021,ARD-2021-Q014,baff7cd4-39b7-4517-aa4d-1f871ecce06e
NABARD-P1-REASONING-2020,REA-2020-Q001,a007a91e-b1dd-4a0d-8026-745ba975b4d2
NABARD-P1-REASONING-2020,REA-2020-Q003,4122dd8d-f1cf-40a6-b3f7-46e17f84d938
NABARD-P1-REASONING-2020,REA-2020-Q005,761951e1-949c-4cd2-8e39-51c41ad3bbd1
NABARD-P1-REASONING-2020,REA-2020-Q007,9bf83b14-28ab-4833-accb-a6fceda336aa
NABARD-P1-REASONING-2020,REA-2020-Q008,e49673e0-8ab8-4517-849c-38395f5c1fa2
NABARD-P1-REASONING-2020,REA-2020-Q010,e4da73f5-efc2-403d-b6c8-694168e5411b
NABARD-P1-REASONING-2020,REA-2020-Q012,30c13cfa-7423-4059-abb4-73064c4c60da
NABARD-P1-REASONING-2020,REA-2020-Q014,d03313d9-01ba-4551-9c57-845815d18c69
NABARD-P1-REASONING-2020,REA-2020-Q016,7b897175-3d75-49fd-987d-0e7f28cfce8e
NABARD-P1-REASONING-2020,REA-2020-Q018,155bca49-8cb0-4646-af07-277fdc150ad6
NABARD-P1-REASONING-2020,REA-2020-Q020,80a2c6e1-6573-4b9f-bec3-ddf0b0dfc793
NABARD-P1-REASONING-2020,REA-2020-Q002,3c6cee47-96b6-494e-bc86-64060a4d3ea2
NABARD-P1-REASONING-2020,REA-2020-Q004,dcd877f5-a586-4ba0-afd4-0e3100bfcb78
NABARD-P1-REASONING-2020,REA-2020-Q006,2bf6c5ef-0b59-4173-a3d3-8b07de3cc805
NABARD-P1-REASONING-2020,REA-2020-Q009,93bd83ff-b9e4-44d7-a309-1665863832f4
NABARD-P1-REASONING-2020,REA-2020-Q011,c8682245-7013-4f4f-9b75-540a1e186463
NABARD-P1-REASONING-2020,REA-2020-Q013,93d72f0d-5615-4a41-ad07-eda062825f18
NABARD-P1-REASONING-2020,REA-2020-Q015,6c6220a5-333e-4688-ac60-2b13abe7906b
NABARD-P1-REASONING-2020,REA-2020-Q017,7e80e8bb-cdef-479f-8366-1bfb2d59f0f7
NABARD-P1-REASONING-2020,REA-2020-Q019,d1252001-46c9-48df-9a2c-278d163e5323
NABARD-P1-REASONING-2021,REA-2021-Q002,6971a72f-d713-401f-ba76-8d5324292b26
NABARD-P1-REASONING-2021,REA-2021-Q004,93dfd0a5-9aab-4d14-acc7-783445ee2d42
NABARD-P1-REASONING-2021,REA-2021-Q006,103253af-51a8-44da-82bd-0473c454f315
NABARD-P1-REASONING-2021,REA-2021-Q008,1a11f632-d2f5-4a06-b0b1-c8b310f14983
NABARD-P1-REASONING-2021,REA-2021-Q010,b9f64bc3-fcee-48b7-a6d6-a005ab9437f8
NABARD-P1-REASONING-2021,REA-2021-Q012,e05ec12c-6d74-4723-b9ed-50783d4fb712
NABARD-P1-REASONING-2021,REA-2021-Q014,3c082f86-bb0d-49a1-a958-157a5fb3dd69
NABARD-P1-REASONING-2021,REA-2021-Q016,ff6b282d-43f6-416a-b364-37e6c2fef95d
NABARD-P1-REASONING-2021,REA-2021-Q001,04ca7e12-2831-4be9-9330-22369a656ac8
NABARD-P1-REASONING-2021,REA-2021-Q003,51e44550-6f2f-46d8-9a63-f7dc31fd1ff3
NABARD-P1-REASONING-2021,REA-2021-Q005,e5d6d5f6-29ed-4712-ab16-80ce76fb9759
NABARD-P1-REASONING-2021,REA-2021-Q007,08233e36-b872-4b02-85bd-83402b78a2bb
NABARD-P1-REASONING-2021,REA-2021-Q009,d81d49b3-faaa-4dd5-90ae-5093c004dcda
NABARD-P1-REASONING-2021,REA-2021-Q011,e469c10f-2cbf-4448-a8a7-3a7c20da521c
NABARD-P1-REASONING-2021,REA-2021-Q013,05ca4862-64ad-4f4a-91ac-3ba28f835837
NABARD-P1-REASONING-2021,REA-2021-Q015,e04edd0b-45a1-4c5b-98d8-d138ada5bdbb
NABARD-P1-REASONING-2021,REA-2021-Q017,539e8fcb-d157-4bd8-9a73-fa87ccd550c5
NABARD-P1-REASONING-2021,REA-2021-Q019,144b3ab9-1dd3-4e0e-9d89-f39f0fb1bf9d
NABARD-P1-REASONING-2021,REA-2021-Q018,45993b7e-2748-4d87-b816-3347eb45e21e
NABARD-P1-REASONING-2021,REA-2021-Q020,538b0a78-06aa-4c64-bf74-f8087556431c
NABARD-P1-REASONING-2023,REA-2023-Q002,d97bb2f1-a71a-4328-b0b0-4e24a335b8ac
NABARD-P1-REASONING-2023,REA-2023-Q004,f5965424-28e4-4b94-8dc6-93e60ad6e048
NABARD-P1-REASONING-2023,REA-2023-Q006,329e426e-f7cf-4afd-99a9-bc0c7377005c
NABARD-P1-REASONING-2023,REA-2023-Q008,5b89d770-413e-4e6e-a491-b442d7fc3b00
NABARD-P1-REASONING-2023,REA-2023-Q010,a6114783-b2a8-44bf-8868-2b4acd065b9d
NABARD-P1-REASONING-2023,REA-2023-Q012,b039e5bc-13b1-4155-8457-71d043cbe291
NABARD-P1-REASONING-2023,REA-2023-Q001,8b95a6d7-7a04-42e8-ae38-c121ffab69a0
NABARD-P1-REASONING-2023,REA-2023-Q003,aec50a66-6abd-45f8-9566-197544e24960
NABARD-P1-REASONING-2023,REA-2023-Q005,ca1f82d3-94e5-4ce1-957f-35f9e5310994
NABARD-P1-REASONING-2023,REA-2023-Q007,16d418e2-b9fd-484e-a576-2e047b041423
NABARD-P1-REASONING-2023,REA-2023-Q009,f78c35f1-7dfd-46a5-9761-8ae1f11b89a2
NABARD-P1-REASONING-2023,REA-2023-Q011,92258c4b-48fe-496c-9696-10f2361188df
NABARD-P1-REASONING-2023,REA-2023-Q013,c0df555a-f4fb-42b5-ab55-0bec00de3870
NABARD-P1-REASONING-2023,REA-2023-Q014,ba5be116-524d-4c6a-b20b-967d71ce617f
NABARD-P1-REASONING-2023,REA-2023-Q016,262e5659-e43a-46d5-aef8-b75511b8a7d9
NABARD-P1-REASONING-2023,REA-2023-Q018,c04d7556-44c7-45ab-b89a-ca7b0cb8c27c
NABARD-P1-REASONING-2023,REA-2023-Q020,e6588ba1-3ce8-4a8f-a30d-5f1ac506de28
NABARD-P1-REASONING-2023,REA-2023-Q015,4ad0d69b-239d-4f14-bb27-117d712dc905
NABARD-P1-REASONING-2023,REA-2023-Q017,100b9f1a-41fe-4083-be93-b8d983e93071
NABARD-P1-REASONING-2023,REA-2023-Q019,fe30b37b-3811-45ff-bcc5-75f12bea881f
NABARD-P1-REASONING-2022-MORNING,REA-2022-Q001,e03907b7-2657-481f-8159-e2fdef4455d4
NABARD-P1-REASONING-2022-MORNING,REA-2022-Q003,587316a3-89b1-4379-9d65-aba00b9a9532
NABARD-P1-REASONING-2022-MORNING,REA-2022-Q005,5f9dfef9-8c4d-4890-87bb-d9745900f101
NABARD-P1-REASONING-2022-MORNING,REA-2022-Q007,3accdfd3-a119-4c64-934b-f0913d2cb9a0
NABARD-P1-REASONING-2022-MORNING,REA-2022-Q009,5fe6fa6b-0e18-4311-b6fe-f450df355058
NABARD-P1-REASONING-2022-MORNING,REA-2022-Q002,efeca6ab-2acb-4103-992a-9f67f50e8eef
NABARD-P1-REASONING-2022-MORNING,REA-2022-Q004,dfb7fae4-be87-462a-be03-ff474db564be
NABARD-P1-REASONING-2022-MORNING,REA-2022-Q006,9345f6d5-a7a2-4dee-a260-b4e32195a723
NABARD-P1-REASONING-2022-MORNING,REA-2022-Q008,c84d3b06-d0c0-4791-a6b4-366755550090
NABARD-P1-REASONING-2022-MORNING,REA-2022-Q010,87eddf69-32bb-4be0-a103-83bb66414139
NABARD-P1-REASONING-2022-MORNING,REA-2022-Q012,3b7faecb-8022-40a6-ac10-04f6f5b13334
NABARD-P1-REASONING-2022-MORNING,REA-2022-Q014,bd6864e6-454a-48fa-a157-5f081acb9e60
NABARD-P1-REASONING-2022-MORNING,REA-2022-Q016,be88568d-e3ae-4ec1-9ae4-786d21b68f70
NABARD-P1-REASONING-2022-MORNING,REA-2022-Q018,bd66db1e-2b1c-4409-8fbc-3fe048b797ce
NABARD-P1-REASONING-2022-MORNING,REA-2022-Q020,a5cec718-94be-408e-8f43-7e9ebf2f2eb0
NABARD-P1-REASONING-2022-MORNING,REA-2022-Q011,903bad90-f9a8-4a92-a049-c6a682627106
NABARD-P1-REASONING-2022-MORNING,REA-2022-Q013,cb224fc8-e4ec-4bdd-bad4-a8256ef43eaf
NABARD-P1-REASONING-2022-MORNING,REA-2022-Q015,db0f8650-f587-4342-803a-e9ef53491f6f
NABARD-P1-REASONING-2022-MORNING,REA-2022-Q017,090e82ae-3952-4395-a8f9-b493f7fbf8b4
NABARD-P1-REASONING-2022-MORNING,REA-2022-Q019,7556f855-4c7e-467b-a1a5-8c56af7faca7
NABARD-P1-REASONING-2022-EVENING,REA-2022-Q001,0f51eb00-cbee-4cf5-b816-69f2a9f3559a
NABARD-P1-REASONING-2022-EVENING,REA-2022-Q003,dfb795be-168b-41b4-a1e8-65a76f468001
NABARD-P1-REASONING-2022-EVENING,REA-2022-Q005,197b89df-93ed-4ca7-aa36-d59ea682ce67
NABARD-P1-REASONING-2022-EVENING,REA-2022-Q007,52911d47-295a-48c1-a95f-b6e91e0fa1ec
NABARD-P1-REASONING-2022-EVENING,REA-2022-Q009,7e476994-fae1-4897-8c65-cbc620840b93
NABARD-P1-REASONING-2022-EVENING,REA-2022-Q011,41f6733e-ef39-4dab-9ee3-3a510b604013
NABARD-P1-REASONING-2022-EVENING,REA-2022-Q013,25209c15-4ce5-41e2-b7e8-287e6fa8a4af
NABARD-P1-REASONING-2022-EVENING,REA-2022-Q015,c999aa6a-65ea-46f0-8045-6c362472bf78
NABARD-P1-REASONING-2022-EVENING,REA-2022-Q017,f5ba5958-4073-4867-8634-71b5bf495919
NABARD-P1-REASONING-2022-EVENING,REA-2022-Q019,0edd8067-e9fa-4ed6-9232-5ef0e8234d4a
NABARD-P1-REASONING-2022-EVENING,REA-2022-Q002,30571ee7-31de-4cfa-9e91-ffdc1f4072a1
NABARD-P1-REASONING-2022-EVENING,REA-2022-Q004,2a073818-1b04-447d-9b9a-842c28ac318b
NABARD-P1-REASONING-2022-EVENING,REA-2022-Q006,479b597e-d919-4dcb-93dc-f439a1761ff1
NABARD-P1-REASONING-2022-EVENING,REA-2022-Q008,f254e7d9-2170-4f45-bf81-963dc6881b63
NABARD-P1-REASONING-2022-EVENING,REA-2022-Q010,45cd6c29-7391-465e-b799-5afecb27b9a2
NABARD-P1-REASONING-2022-EVENING,REA-2022-Q012,eeff30c7-4e53-4391-80bb-f2a3f0217018
NABARD-P1-REASONING-2022-EVENING,REA-2022-Q014,fc7e3a43-f205-4814-8018-4dcff1767fa3
NABARD-P1-REASONING-2022-EVENING,REA-2022-Q016,ac39da36-c6f2-4cdc-a149-2431339464b1
NABARD-P1-REASONING-2022-EVENING,REA-2022-Q018,9c7dc7ec-2345-41d2-8f84-612efa204ec0
NABARD-P1-REASONING-2022-EVENING,REA-2022-Q020,b4ba9cbb-0b4d-4286-8d95-0431da7b8c3e
NABARD-P1-ENGLISH-2022-EVENING,ENG-2022-Q021,95dac32a-42fd-4e8e-9533-7e652a26d58d
NABARD-P1-ENGLISH-2022-EVENING,ENG-2022-Q022,b0fe3895-b482-479a-b504-59b4c0e88e29
NABARD-P1-ENGLISH-2022-EVENING,ENG-2022-Q023,e11f5103-a0ac-45fc-86c8-77f03089c476
NABARD-P1-ENGLISH-2022-EVENING,ENG-2022-Q025,1357225e-13da-44a2-96be-8140af3ced46
NABARD-P1-ENGLISH-2022-EVENING,ENG-2022-Q027,806bb698-6ca5-46e8-a260-d9677e6fc297
NABARD-P1-ENGLISH-2022-EVENING,ENG-2022-Q024,e22a3cb5-71ec-4f72-888e-407fc54b11b7
NABARD-P1-ENGLISH-2022-EVENING,ENG-2022-Q026,10fcd58b-c493-4511-926d-708f20a376db
NABARD-P1-ENGLISH-2022-EVENING,ENG-2022-Q028,ed3a4f6b-3c6b-42e4-811a-58ba46eb8694
NABARD-P1-ENGLISH-2022-EVENING,ENG-2022-Q030,52828f84-2535-44af-908d-841db80b9cfb
NABARD-P1-ENGLISH-2022-EVENING,ENG-2022-Q032,0d8ade26-011f-4aa1-a1e7-807d5179e5ea
NABARD-P1-ENGLISH-2022-EVENING,ENG-2022-Q034,9d0e0ffc-47fc-451c-a2ac-68e7a951facb
NABARD-P1-ENGLISH-2022-EVENING,ENG-2022-Q036,dd1596cf-a450-4908-b9e7-6e4b95c10ecd
NABARD-P1-ENGLISH-2022-EVENING,ENG-2022-Q038,efa25d04-c304-49f9-8230-8574264a7b33
NABARD-P1-ENGLISH-2022-EVENING,ENG-2022-Q029,eabbab83-9701-4be1-9847-5459d773e9c5
NABARD-P1-ENGLISH-2022-EVENING,ENG-2022-Q031,a7b3a867-e6ef-4263-be06-058a96a3cb59
NABARD-P1-ENGLISH-2022-EVENING,ENG-2022-Q033,6b14a443-7c3e-424a-a010-fb40a44624a6
NABARD-P1-ENGLISH-2022-EVENING,ENG-2022-Q035,ae2d96ec-7c9e-4479-92d4-0bf5a651db21
NABARD-P1-ENGLISH-2022-EVENING,ENG-2022-Q037,d5f75662-b12e-46a5-8f6f-059ca9202378
NABARD-P1-ENGLISH-2022-EVENING,ENG-2022-Q039,28c0eff7-012c-45fd-912c-8d7dfc845a41
NABARD-P1-ENGLISH-2022-EVENING,ENG-2022-Q040,3169579b-419f-4e58-9d92-b5726839f2c6
NABARD-P1-ENGLISH-2022-EVENING,ENG-2022-Q042,01fae3b0-dc12-4314-8c73-d11fe007d3af
NABARD-P1-ENGLISH-2022-EVENING,ENG-2022-Q041,77e9c340-afc1-4924-bad7-0dc8a4dc2f96
NABARD-P1-ENGLISH-2022-EVENING,ENG-2022-Q043,e139d073-8085-43b5-ac3d-850f0306ef56
NABARD-P1-ENGLISH-2022-EVENING,ENG-2022-Q044,9253b632-f0c2-4e1a-ad14-58480115cf43
NABARD-P1-ENGLISH-2022-EVENING,ENG-2022-Q045,1f5b716b-d852-4d2b-ab18-c08902faa0c5
NABARD-P1-ENGLISH-2022-EVENING,ENG-2022-Q047,7ee43bfd-ce33-4680-a91b-50773c496885
NABARD-P1-ENGLISH-2022-EVENING,ENG-2022-Q049,71c1ec8c-e260-4ef5-bf53-6d8bdc20c48b
NABARD-P1-ENGLISH-2022-EVENING,ENG-2022-Q046,5f069b54-8f5b-478d-b4d4-e02ed065719b
NABARD-P1-ENGLISH-2022-EVENING,ENG-2022-Q048,17e31832-9c79-4c1b-8a44-0409c9a4f984
NABARD-P1-ENGLISH-2022-EVENING,ENG-2022-Q050,c4e498a0-61d9-40d3-8f7d-5ed7acb2375b
NABARD-P1-ENGLISH-2023,ENG-2023-Q002,d70cefb3-be64-40dc-9c8a-3fb25d68db07
NABARD-P1-ENGLISH-2023,ENG-2023-Q004,31816c48-eee4-4b05-92e1-79f74f7f295f
NABARD-P1-ENGLISH-2023,ENG-2023-Q006,4c91fc54-c5c5-4f2c-9e0b-91a293cd58d4
NABARD-P1-ENGLISH-2023,ENG-2023-Q009,afdd5423-97a4-49d4-b404-ca145fe1ff14
NABARD-P1-ENGLISH-2023,ENG-2023-Q011,a72209ff-eadc-45b5-ae72-593909f69961
NABARD-P1-ENGLISH-2023,ENG-2023-Q013,7c9d54de-3e91-4275-89a1-320b92d63a83
NABARD-P1-ENGLISH-2023,ENG-2023-Q015,abe8bcb0-c553-4f60-9e79-07db3d7e2b07
NABARD-P1-ENGLISH-2023,ENG-2023-Q017,8942174e-a957-4753-b842-70992f775162
NABARD-P1-ENGLISH-2023,ENG-2023-Q008,d948c072-0e0b-4e68-a62d-b2e1223d6a63
NABARD-P1-ENGLISH-2023,ENG-2023-Q010,c8ee9006-0e27-4887-91c3-d6395ef2888e
NABARD-P1-ENGLISH-2023,ENG-2023-Q001,6a74ee19-64d4-46f0-b3fb-099714144baa
NABARD-P1-ENGLISH-2023,ENG-2023-Q003,aa8bf630-95fb-436a-9e60-c19c374ff210
NABARD-P1-ENGLISH-2023,ENG-2023-Q005,cf4ac970-6459-467d-af23-97a7fc844909
NABARD-P1-ENGLISH-2023,ENG-2023-Q007,785909b5-ecb6-4cce-aaeb-8b8978baf166
NABARD-P1-ENGLISH-2023,ENG-2023-Q012,427d4528-ce4d-4d26-b18d-8bd76b891fd7
NABARD-P1-ENGLISH-2023,ENG-2023-Q014,516f42ff-2ad8-4c24-b0dd-a1696dccfc21
NABARD-P1-ENGLISH-2023,ENG-2023-Q016,35adc63f-2abc-4dc8-a172-3731e8962a2b
NABARD-P1-ENGLISH-2023,ENG-2023-Q018,660d42c7-60da-49da-bde0-f49890875576
NABARD-P1-ENGLISH-2023,ENG-2023-Q020,5542f6fb-9094-48cc-bcee-3c5c163cc695
NABARD-P1-ENGLISH-2023,ENG-2023-Q022,9172133c-e8a4-48f5-b760-a9681f0e7175
NABARD-P1-ENGLISH-2023,ENG-2023-Q019,1cc69de2-8a5e-40d5-b83a-e4ef4e6d7511
NABARD-P1-ENGLISH-2023,ENG-2023-Q021,6a8373b5-73f6-4655-b0df-4762ee7646cc
NABARD-P1-ENGLISH-2023,ENG-2023-Q023,240c5db7-6706-446c-9608-50b5437fdab7
NABARD-P1-ENGLISH-2023,ENG-2023-Q025,773a2b87-279c-4d31-9fda-5296acb6933c
NABARD-P1-ENGLISH-2023,ENG-2023-Q027,ef58115a-1c57-42ce-a154-b1e9abf09355
NABARD-P1-ENGLISH-2023,ENG-2023-Q029,8602afcb-11c2-40d7-9a6a-256ea1156321
NABARD-P1-ENGLISH-2023,ENG-2023-Q024,98ba2447-3ce8-4f84-8644-c78624e84482
NABARD-P1-ENGLISH-2023,ENG-2023-Q026,d5a751f1-17a2-4db9-82c4-723a7129d856
NABARD-P1-ENGLISH-2023,ENG-2023-Q028,fee9f6b4-42a9-4495-96a9-150f9d6f4afa
NABARD-P1-ENGLISH-2023,ENG-2023-Q030,67d85cbe-5cb2-4992-86b6-ef6f3bf1c9ef
NABARD-P1-COMPUTER-KNOWLEDGE-2020,CK-2020-Q061,2b7c6ffc-5901-4b27-b34d-03bab70ff422
NABARD-P1-COMPUTER-KNOWLEDGE-2020,CK-2020-Q063,474c288c-f392-42ac-916e-081f8e9ed8e1
NABARD-P1-COMPUTER-KNOWLEDGE-2020,CK-2020-Q065,cb78747e-cdac-4f19-afa2-8a01f792ade9
NABARD-P1-COMPUTER-KNOWLEDGE-2020,CK-2020-Q067,9c4727c0-786c-4e5a-b8f8-aef05dc23ce4
NABARD-P1-COMPUTER-KNOWLEDGE-2020,CK-2020-Q069,97953948-f0f5-4e80-b403-8afacbefaa2d
NABARD-P1-COMPUTER-KNOWLEDGE-2020,CK-2020-Q071,40eee6b3-bbc5-4d20-8ba2-811cb236cc2d
NABARD-P1-COMPUTER-KNOWLEDGE-2020,CK-2020-Q073,78cc24a0-0df3-423b-80de-8698b3f3818f
NABARD-P1-COMPUTER-KNOWLEDGE-2020,CK-2020-Q075,b5d33766-8d48-43d0-9707-abf44bc40f49
NABARD-P1-COMPUTER-KNOWLEDGE-2020,CK-2020-Q077,dbf73801-a320-4a93-ac7a-cb71f4e2e9cb
NABARD-P1-COMPUTER-KNOWLEDGE-2020,CK-2020-Q079,f11ee1ab-a1d6-4c23-a229-0d22f06b1eef
NABARD-P1-COMPUTER-KNOWLEDGE-2020,CK-2020-Q062,fdc7b749-5f44-40e8-865b-1cd15ffe0499
NABARD-P1-COMPUTER-KNOWLEDGE-2020,CK-2020-Q064,733f5596-0b90-4677-b242-90be7577ed0f
NABARD-P1-COMPUTER-KNOWLEDGE-2020,CK-2020-Q066,cf6c6f8f-5579-4415-9b2d-247695c8c9ab
NABARD-P1-COMPUTER-KNOWLEDGE-2020,CK-2020-Q068,5700b0cb-f140-493b-bc22-b107e402e71c
NABARD-P1-COMPUTER-KNOWLEDGE-2020,CK-2020-Q070,90f2de70-49d4-44c5-80da-5a1a38e6ae8e
NABARD-P1-COMPUTER-KNOWLEDGE-2020,CK-2020-Q072,45c15436-44ef-4a28-8d81-b65e63b29038
NABARD-P1-COMPUTER-KNOWLEDGE-2020,CK-2020-Q074,0c245a58-dca6-4c8d-b145-b61e4dc025d8
NABARD-P1-COMPUTER-KNOWLEDGE-2020,CK-2020-Q076,2a4bf166-93e4-44af-a39a-5224cbe29fd4
NABARD-P1-COMPUTER-KNOWLEDGE-2020,CK-2020-Q078,d5628fa6-80ca-41dd-a71d-ca5299e595eb
NABARD-P1-COMPUTER-KNOWLEDGE-2020,CK-2020-Q080,2b6f3d92-5bfa-47dd-a7e7-0c14518bc6c7
NABARD-P1-COMPUTER-KNOWLEDGE-2022-EVENING,CK-2022-Q051,d718218e-710f-41f7-bea9-0c5da3097938
NABARD-P1-COMPUTER-KNOWLEDGE-2022-EVENING,CK-2022-Q053,c578ad99-0bec-4655-9839-320dde1c8660
NABARD-P1-COMPUTER-KNOWLEDGE-2022-EVENING,CK-2022-Q052,89e59338-e6c2-42a5-9bf7-6a136dbfa168
NABARD-P1-COMPUTER-KNOWLEDGE-2022-EVENING,CK-2022-Q054,6de29b3d-6425-4457-8e62-6f456f2d0e74
NABARD-P1-COMPUTER-KNOWLEDGE-2022-EVENING,CK-2022-Q056,1ac35c60-1ee2-4ba5-b44b-61569163bbdc
NABARD-P1-COMPUTER-KNOWLEDGE-2022-EVENING,CK-2022-Q058,be8f20d1-e8ff-4dcc-af99-ee872cf05dfc
NABARD-P1-COMPUTER-KNOWLEDGE-2022-EVENING,CK-2022-Q060,d520c859-478c-48fc-b2ac-8381bb6b34ef
NABARD-P1-COMPUTER-KNOWLEDGE-2022-EVENING,CK-2022-Q062,7c2d85ae-ee40-45db-b6a3-1b8c440d58d5
NABARD-P1-COMPUTER-KNOWLEDGE-2022-EVENING,CK-2022-Q064,c9b6f437-859b-4f38-bb9a-f6dc502c482e
NABARD-P1-COMPUTER-KNOWLEDGE-2022-EVENING,CK-2022-Q066,c7dec9f7-4bf9-4a20-836a-4d9264e5f237
NABARD-P1-COMPUTER-KNOWLEDGE-2022-EVENING,CK-2022-Q055,48f081de-bc5c-42b0-8faf-4ba3418142e3
NABARD-P1-COMPUTER-KNOWLEDGE-2022-EVENING,CK-2022-Q057,ae4fa388-f37a-4207-bfe8-8a8e52e8c756
NABARD-P1-COMPUTER-KNOWLEDGE-2022-EVENING,CK-2022-Q059,6b4c5607-cba5-49dd-814b-711f897009a1
NABARD-P1-COMPUTER-KNOWLEDGE-2022-EVENING,CK-2022-Q061,674b0c5c-7e3f-47ff-8660-fe58f27e2970
NABARD-P1-COMPUTER-KNOWLEDGE-2022-EVENING,CK-2022-Q063,54ff0ab2-c21c-4d58-879e-130bb4e9b70f
NABARD-P1-COMPUTER-KNOWLEDGE-2022-EVENING,CK-2022-Q065,70a66654-20e0-4661-840c-9a005bca940a
NABARD-P1-COMPUTER-KNOWLEDGE-2022-EVENING,CK-2022-Q067,9ad84c0e-3108-45ee-8450-264357161582
NABARD-P1-COMPUTER-KNOWLEDGE-2022-EVENING,CK-2022-Q068,5a57dc55-a69b-4e47-b4ff-130b1e9c9bc7
NABARD-P1-COMPUTER-KNOWLEDGE-2022-EVENING,CK-2022-Q070,60afca62-c255-4b75-8ad1-e814a4b68f4b
NABARD-P1-COMPUTER-KNOWLEDGE-2022-EVENING,CK-2022-Q069,5fe35043-91fc-4f53-a77d-e45857628b76
NABARD-P1-QUANTITATIVE-APTITUDE-2021,QA-2021-Q071,e141a5e4-5113-482b-9d50-3a33487faa03
NABARD-P1-QUANTITATIVE-APTITUDE-2021,QA-2021-Q072,2e51aef4-7493-401f-937d-75937f498f46
NABARD-P1-QUANTITATIVE-APTITUDE-2021,QA-2021-Q073,1237c232-c219-4e9e-a283-f8ef0741cbf5
NABARD-P1-QUANTITATIVE-APTITUDE-2021,QA-2021-Q075,b9929d55-ecbd-4cd1-ae4b-303b8ff5533d
NABARD-P1-QUANTITATIVE-APTITUDE-2021,QA-2021-Q077,12b75198-aa30-468c-99d2-c69329944304
NABARD-P1-QUANTITATIVE-APTITUDE-2021,QA-2021-Q079,b84bd78d-fb1c-4adf-ac50-5681504d7f08
NABARD-P1-QUANTITATIVE-APTITUDE-2021,QA-2021-Q081,426a108d-f836-45f7-a1a1-1bc2f4ece5a1
NABARD-P1-QUANTITATIVE-APTITUDE-2021,QA-2021-Q074,b4937bd4-89a5-4313-9638-3e40752f6c70
NABARD-P1-QUANTITATIVE-APTITUDE-2021,QA-2021-Q076,6a67633a-b50c-42a9-9011-45201494e094
NABARD-P1-QUANTITATIVE-APTITUDE-2021,QA-2021-Q078,278a73d9-51bc-44f9-be61-f7ce884e0832
NABARD-P1-QUANTITATIVE-APTITUDE-2021,QA-2021-Q080,0018862f-c7b2-4f94-92a8-83e7a30c0504
NABARD-P1-QUANTITATIVE-APTITUDE-2021,QA-2021-Q082,2cdabe7c-a702-4001-b35a-3d026014a071
NABARD-P1-QUANTITATIVE-APTITUDE-2021,QA-2021-Q084,f556c81f-6d60-4ef5-9fad-8aec264c7ec0
NABARD-P1-QUANTITATIVE-APTITUDE-2021,QA-2021-Q086,dc92ccee-e93f-4b03-be14-1d2a03e4bbfc
NABARD-P1-QUANTITATIVE-APTITUDE-2021,QA-2021-Q088,1e8f22d7-90da-48dc-909d-d11d5426cd8f
NABARD-P1-QUANTITATIVE-APTITUDE-2021,QA-2021-Q083,0a7a4b42-6a48-45a5-a84a-3e838671bbbd
NABARD-P1-QUANTITATIVE-APTITUDE-2021,QA-2021-Q085,7a40b82c-9fe0-4634-a4e4-246876b8f10e
NABARD-P1-QUANTITATIVE-APTITUDE-2021,QA-2021-Q087,08fc1380-7e00-4bb5-a43c-1b081236325a
NABARD-P1-QUANTITATIVE-APTITUDE-2021,QA-2021-Q089,a72e684e-ef57-441c-8528-c60072f050bd
NABARD-P1-QUANTITATIVE-APTITUDE-2021,QA-2021-Q090,03e08a46-8356-4a82-b238-875283808de9
NABARD-P1-QUANTITATIVE-APTITUDE-2022-MORNING,QA-2022-Q071,5a608a66-503b-4bb7-abe8-454d0b4d1047
NABARD-P1-QUANTITATIVE-APTITUDE-2022-MORNING,QA-2022-Q072,2b8e24f8-a535-45a8-8f98-7edd081e6fe8
NABARD-P1-QUANTITATIVE-APTITUDE-2022-MORNING,QA-2022-Q074,c29e7fe7-9dcd-4ec3-9716-90e9a3681eeb
NABARD-P1-QUANTITATIVE-APTITUDE-2022-MORNING,QA-2022-Q076,d55d19c5-f49d-4377-adba-f5a789d41a53
NABARD-P1-QUANTITATIVE-APTITUDE-2022-MORNING,QA-2022-Q078,5044a13e-2034-4f4a-9d04-567d8cbd2b21
NABARD-P1-QUANTITATIVE-APTITUDE-2022-MORNING,QA-2022-Q073,47e6098e-f0a0-4a7f-bd6f-e94a4f7fa9b5
NABARD-P1-QUANTITATIVE-APTITUDE-2022-MORNING,QA-2022-Q075,e6443373-7ca3-4ab8-a19c-de64976a7fae
NABARD-P1-QUANTITATIVE-APTITUDE-2022-MORNING,QA-2022-Q077,d93ba4c6-e95b-4952-be8e-77f95c7d01dd
NABARD-P1-QUANTITATIVE-APTITUDE-2022-MORNING,QA-2022-Q079,873684dd-2d63-4f04-9a3f-bed6eb057af8
NABARD-P1-QUANTITATIVE-APTITUDE-2022-MORNING,QA-2022-Q081,4d443a83-9e4a-4399-9c17-64c857ef1512
NABARD-P1-QUANTITATIVE-APTITUDE-2022-MORNING,QA-2022-Q083,0db3a112-ba93-4ac7-948a-7ae38a70ba4f
NABARD-P1-QUANTITATIVE-APTITUDE-2022-MORNING,QA-2022-Q080,b4b437e4-436e-46f9-a5eb-ab7ad3ea6f28
NABARD-P1-QUANTITATIVE-APTITUDE-2022-MORNING,QA-2022-Q082,10a93e31-d1ee-4691-8a25-671ffa1dfcc1
NABARD-P1-QUANTITATIVE-APTITUDE-2022-MORNING,QA-2022-Q084,bb077f10-6f95-4feb-ac96-a304e13bcc05
NABARD-P1-QUANTITATIVE-APTITUDE-2022-MORNING,QA-2022-Q086,3c77748d-e702-49e0-ad93-9887abca21f9
NABARD-P1-QUANTITATIVE-APTITUDE-2022-MORNING,QA-2022-Q088,cb571b30-fcdf-4554-8047-79c9ba82a612
NABARD-P1-QUANTITATIVE-APTITUDE-2022-MORNING,QA-2022-Q085,f1bcab2c-4029-4a9d-b69e-0850dfe828c8
NABARD-P1-QUANTITATIVE-APTITUDE-2022-MORNING,QA-2022-Q087,7ff3553b-4a27-46d3-9a17-fb419d2bd92e
NABARD-P1-QUANTITATIVE-APTITUDE-2022-MORNING,QA-2022-Q089,7c1ccae8-e279-490a-83ee-c8b69e0900e2
NABARD-P1-QUANTITATIVE-APTITUDE-2022-MORNING,QA-2022-Q090,a963ba80-2f74-46f0-a669-4c8768ab7231
NABARD-P1-DECISION-MAKING-2021,DM-2021-Q092,f7a60389-cb45-4399-91fd-26da877b90ff
NABARD-P1-DECISION-MAKING-2021,DM-2021-Q094,830d54b1-ff66-4478-8fcd-d0c1c1ab401d
NABARD-P1-DECISION-MAKING-2021,DM-2021-Q097,c63125f3-8d46-4f43-9589-307b813e31db
NABARD-P1-DECISION-MAKING-2021,DM-2021-Q099,46ae4d81-6d34-4006-83df-9582cffbf205
NABARD-P1-DECISION-MAKING-2021,DM-2021-Q091,25c8f0b8-2b78-41a7-a6c6-d9949a5ae6af
NABARD-P1-DECISION-MAKING-2021,DM-2021-Q096,45f16e64-902c-49f1-a40f-159ea27010b1
NABARD-P1-DECISION-MAKING-2021,DM-2021-Q093,68e91ccd-30c7-46b2-988c-50e1004e871d
NABARD-P1-DECISION-MAKING-2021,DM-2021-Q095,d4341137-3e2c-43c3-9e6c-da77260521fe
NABARD-P1-DECISION-MAKING-2021,DM-2021-Q098,745c6157-6af5-4b24-ad89-646ff0aab432
NABARD-P1-DECISION-MAKING-2021,DM-2021-Q100,db04248a-f2fe-48fc-92e2-f60791eb04a4
NABARD-P1-DECISION-MAKING-2022-EVENING,DM-2022-Q092,d3b9b48a-a6e2-409b-b929-f3020df1976e
NABARD-P1-DECISION-MAKING-2022-EVENING,DM-2022-Q094,49f8db6f-2da4-4a54-826f-a341e55a1c69
NABARD-P1-DECISION-MAKING-2022-EVENING,DM-2022-Q091,d7eca68b-b716-4945-a686-ba42874d548f
NABARD-P1-DECISION-MAKING-2022-EVENING,DM-2022-Q093,cc6eb947-cfe9-4e9b-80dc-3e7b1a72f1ce
NABARD-P1-DECISION-MAKING-2022-EVENING,DM-2022-Q095,f168e2fb-3b58-49d1-b0aa-c8a5af1bcbab
NABARD-P1-DECISION-MAKING-2022-EVENING,DM-2022-Q097,852d9950-a47a-40dd-9bee-fa6c38dae2dd
NABARD-P1-DECISION-MAKING-2022-EVENING,DM-2022-Q096,4f458072-cd52-4c7c-944f-15db74c56947
NABARD-P1-DECISION-MAKING-2022-EVENING,DM-2022-Q098,9591217a-658c-4eab-9354-17bf67ad0008
NABARD-P1-DECISION-MAKING-2022-EVENING,DM-2022-Q100,52317b9b-bb75-4ba5-8f53-c53eecb5149f
NABARD-P1-DECISION-MAKING-2022-EVENING,DM-2022-Q099,362ba5a5-1297-400c-9289-07225f41ce84
NABARD-P1-DECISION-MAKING-2023,DM-2023-Q001,a13429c6-4ae5-46d9-a868-380c0e38b4b9
NABARD-P1-DECISION-MAKING-2023,DM-2023-Q003,79226c2d-7255-4c33-b97d-6858fb707ae9
NABARD-P1-DECISION-MAKING-2023,DM-2023-Q002,4faf18e9-ef74-4a46-b047-0fca7fc09b5b
NABARD-P1-DECISION-MAKING-2023,DM-2023-Q004,b83b0827-6ac9-4a22-837d-9f932d776d5c
NABARD-P1-DECISION-MAKING-2023,DM-2023-Q006,c7695d8e-8712-4722-b2c3-ace594ec9478
NABARD-P1-DECISION-MAKING-2023,DM-2023-Q008,0f691e3a-3a2a-48e8-ab96-a04d50a3cfe4
NABARD-P1-DECISION-MAKING-2023,DM-2023-Q010,db32d749-9a14-4283-b7b7-a5b337a8bff3
NABARD-P1-DECISION-MAKING-2023,DM-2023-Q005,aae5e006-262a-4982-b471-c0ea2be27d62
NABARD-P1-DECISION-MAKING-2023,DM-2023-Q007,6aff76fe-4883-4ee4-a5c2-6dd55a307245
NABARD-P1-DECISION-MAKING-2023,DM-2023-Q009,f5e266a3-d51a-45d3-8224-6f6fa0d172e3
NABARD-P1-ENGLISH-2020,ENG-2020-Q022,8bd12346-61d4-4413-a0cf-7057c3bfd766
NABARD-P1-ENGLISH-2020,ENG-2020-Q024,5b78615b-218d-45a4-b772-95d8674a759b
NABARD-P1-ENGLISH-2020,ENG-2020-Q023,ebec8ea8-7be5-4594-b2a7-95fa5d65f70e
NABARD-P1-ENGLISH-2020,ENG-2020-Q025,38cbd841-30a0-44a3-98f1-a384fa5c8026
NABARD-P1-ENGLISH-2020,ENG-2020-Q021,32492a2b-b442-468e-8623-21746c10e573
NABARD-P1-ENGLISH-2020,ENG-2020-Q027,fa4354ca-50f7-4321-9aff-1bc11db094d2
NABARD-P1-ENGLISH-2020,ENG-2020-Q041,7da1ea5a-b0c8-407e-b987-fddaca38a01e
NABARD-P1-ENGLISH-2020,ENG-2020-Q043,81f408b5-b49b-45f9-a3e9-3f8f164095b4
NABARD-P1-ENGLISH-2020,ENG-2020-Q045,82bef697-dfe7-41ef-8e24-02843b2b70f3
NABARD-P1-ENGLISH-2020,ENG-2020-Q047,8a055b9d-b386-4c36-9395-aa18c25c9419
NABARD-P1-ENGLISH-2020,ENG-2020-Q049,df4a0b21-5545-4f9c-b02f-b0f020b41e34
NABARD-P1-ENGLISH-2020,ENG-2020-Q026,59df17c7-4f20-4d7e-8c70-de1a34db66f4
NABARD-P1-ENGLISH-2020,ENG-2020-Q028,b60c01d6-d870-4352-b957-412c58b18376
NABARD-P1-ENGLISH-2020,ENG-2020-Q030,010bf075-8333-426a-9292-22656d9e3dae
NABARD-P1-ENGLISH-2020,ENG-2020-Q032,b3172013-d867-4bf7-a82b-fdd02709a955
NABARD-P1-ENGLISH-2020,ENG-2020-Q034,b9515720-1929-4fbb-b61f-6ada96c1309e
NABARD-P1-ENGLISH-2020,ENG-2020-Q036,7a3835db-cf42-421c-859c-648cb2b676ab
NABARD-P1-ENGLISH-2020,ENG-2020-Q038,7d29f7a6-878e-486d-aacd-866c75374786
NABARD-P1-ENGLISH-2020,ENG-2020-Q040,fb52e0f7-a85e-430d-b631-add3e66ea7a1
NABARD-P1-ENGLISH-2020,ENG-2020-Q042,4e8e3ebc-7b22-4c2e-9118-962c90daa4d4
NABARD-P1-ENGLISH-2020,ENG-2020-Q044,0804904c-ae33-4ff9-81b8-f2859c0b764f
NABARD-P1-ENGLISH-2020,ENG-2020-Q029,54cbd359-777a-4385-bf78-14d1b411389d
NABARD-P1-ENGLISH-2020,ENG-2020-Q031,339a93eb-9be6-40a4-aa4e-f0847fd8c7a4
NABARD-P1-ENGLISH-2020,ENG-2020-Q033,67361544-1588-4663-88ca-6c40186e0e1b
NABARD-P1-ENGLISH-2020,ENG-2020-Q035,92c0b03c-d5cb-4971-9baf-bb58846b179d
NABARD-P1-ENGLISH-2020,ENG-2020-Q037,6a8d9dc5-f0ba-4685-b494-5858da75d57e
NABARD-P1-ENGLISH-2020,ENG-2020-Q039,1552eb5a-d3fb-475e-baf6-9bd2fe061d0d
NABARD-P1-ENGLISH-2020,ENG-2020-Q046,8968bb73-ee9c-445c-884a-4d56ad460607
NABARD-P1-ENGLISH-2020,ENG-2020-Q048,9749bf8e-4ff4-4ad3-b834-abdcc43abaf5
NABARD-P1-ENGLISH-2020,ENG-2020-Q050,b4bccc52-81ea-44aa-adf6-b9a9d99aa20b
NABARD-P1-ENGLISH-2020,ENG-2020-Q051,54923258-b6bf-48bc-8b62-2cc83540eb7c
NABARD-P1-ENGLISH-2020,ENG-2020-Q053,2eda746b-950e-4c0a-9df9-dc494cf2ca5b
NABARD-P1-ENGLISH-2020,ENG-2020-Q055,1a8b9ff1-f3ee-40d5-9db9-3b98cd153515
NABARD-P1-ENGLISH-2020,ENG-2020-Q057,d95e9552-a183-4d9f-a142-705d2274e94c
NABARD-P1-ENGLISH-2020,ENG-2020-Q059,8d5e305d-555d-4f55-ad59-2716a6423ef0
NABARD-P1-ENGLISH-2020,ENG-2020-Q052,d208a82a-f934-46aa-986d-7c1a5d2e8d1d
NABARD-P1-ENGLISH-2020,ENG-2020-Q054,66aa5d78-6b7a-4d3d-a7ef-13bf60d48851
NABARD-P1-ENGLISH-2020,ENG-2020-Q056,1ff5ec23-1725-4a3f-be79-bd68b4ec6033
NABARD-P1-ENGLISH-2020,ENG-2020-Q058,0b96eb2e-1ff3-4041-9ade-a620893bd342
NABARD-P1-ENGLISH-2020,ENG-2020-Q060,c815efcc-30c2-4bac-b33b-6f6d37550675
NABARD-P1-ENGLISH-2021,ENG-2021-Q022,a42a3da0-d7a1-4656-97ab-7f69a60344be
NABARD-P1-ENGLISH-2021,ENG-2021-Q024,54096259-8a98-48a7-99cf-075fdd9d7fda
NABARD-P1-ENGLISH-2021,ENG-2021-Q026,11d8c0ec-74a9-4108-93f2-23779e0d7fef
NABARD-P1-ENGLISH-2021,ENG-2021-Q021,b0d23dc8-e319-4bc3-b450-cd88ead7c5e3
NABARD-P1-ENGLISH-2021,ENG-2021-Q023,dee865ef-584e-46da-8b56-64992ed4228c
NABARD-P1-ENGLISH-2021,ENG-2021-Q025,e077e82e-cfae-4044-b169-828312cc596c
NABARD-P1-ENGLISH-2021,ENG-2021-Q027,6c68ac19-fa11-40a8-9f51-a93a2c1757ca
NABARD-P1-ENGLISH-2021,ENG-2021-Q029,05c13c40-2fad-401f-9397-1344a0a31e1d
NABARD-P1-ENGLISH-2021,ENG-2021-Q031,cdfea42f-b084-4fe6-a647-9355a5e69095
NABARD-P1-ENGLISH-2021,ENG-2021-Q028,453e2789-f8bd-4bd7-8b03-5b8c8b4f1775
NABARD-P1-ENGLISH-2021,ENG-2021-Q030,a22932f3-424c-4188-9fb2-86a19fd42d05
NABARD-P1-ENGLISH-2021,ENG-2021-Q032,a2fec4b8-0d5a-4422-9664-560be984dfc2
NABARD-P1-ENGLISH-2021,ENG-2021-Q034,1bcee6cf-00e2-4a9b-8891-1de1021749b3
NABARD-P1-ENGLISH-2021,ENG-2021-Q036,2307e194-17ef-4281-8d1e-8e571d571756
NABARD-P1-ENGLISH-2021,ENG-2021-Q038,9bf25b72-a341-486e-8a77-f843ff4c984d
NABARD-P1-ENGLISH-2021,ENG-2021-Q033,fb9a75c5-9f2e-4021-ab96-fe35e2ec5f3d
NABARD-P1-ENGLISH-2021,ENG-2021-Q035,26f2214a-396b-49f5-b897-82a920c597ba
NABARD-P1-ENGLISH-2021,ENG-2021-Q037,46a6b305-9753-4654-9ea7-8dde0b275ae2
NABARD-P1-ENGLISH-2021,ENG-2021-Q039,42cc4c66-234e-4f28-9b75-9adcac138322
NABARD-P1-ENGLISH-2021,ENG-2021-Q040,1e486b85-d614-4bac-9caf-befa8bb0bc5a
NABARD-P1-ENGLISH-2021,ENG-2021-Q042,408fe91f-5e6e-4e03-8f33-85c5cb6aebfe
NABARD-P1-ENGLISH-2021,ENG-2021-Q044,84c184c6-163b-4801-b7f1-260511df741e
NABARD-P1-ENGLISH-2021,ENG-2021-Q041,65a49fb4-0a57-4cd9-b5a9-30e9557e0989
NABARD-P1-ENGLISH-2021,ENG-2021-Q043,54816637-1bc1-43d4-ac1f-8f90a78c1769
NABARD-P1-ENGLISH-2021,ENG-2021-Q045,e2a43faa-0ccc-4b3b-8747-94a13912947e
NABARD-P1-ENGLISH-2021,ENG-2021-Q047,38220cb7-3bb5-4856-9618-6f70dc1ba4ad
NABARD-P1-ENGLISH-2021,ENG-2021-Q046,0ef3ba8b-9c2e-4219-96ca-ccad305226f9
NABARD-P1-ENGLISH-2021,ENG-2021-Q048,a5288d11-fb0d-41d7-87cf-7428a292923c
NABARD-P1-ENGLISH-2021,ENG-2021-Q049,88d055ed-e448-488b-8b14-a021c4c7b5fc
NABARD-P1-ENGLISH-2021,ENG-2021-Q050,7441e502-f502-4b73-a2fa-ad87fda34a23
NABARD-P1-COMPUTER-KNOWLEDGE-2021,CK-2021-Q070,d500d6b7-1fcd-4e43-a228-97597cfdc825
NABARD-P1-COMPUTER-KNOWLEDGE-2021,CK-2021-Q052,a675fa48-9c53-4ffb-ab74-84bfee9c3359
NABARD-P1-COMPUTER-KNOWLEDGE-2021,CK-2021-Q054,2ae68794-8fac-4dbe-96f8-c4905d7e662d
NABARD-P1-COMPUTER-KNOWLEDGE-2021,CK-2021-Q056,8bdf6a98-1f9d-46f6-bf08-df6d4b1b2544
NABARD-P1-COMPUTER-KNOWLEDGE-2021,CK-2021-Q058,876ead89-b00c-4f5a-80e3-9d503e19b374
NABARD-P1-COMPUTER-KNOWLEDGE-2021,CK-2021-Q051,4c7d432e-701e-432e-80c4-683c7a25c467
NABARD-P1-COMPUTER-KNOWLEDGE-2021,CK-2021-Q053,560e7790-94d6-4eb4-acc0-455690f9d4c4
NABARD-P1-COMPUTER-KNOWLEDGE-2021,CK-2021-Q055,cde5d4d5-2cfc-4f97-9764-d6dd91d032ff
NABARD-P1-COMPUTER-KNOWLEDGE-2021,CK-2021-Q057,7c105c68-2648-43bf-9ddf-67ce095ccbd7
NABARD-P1-COMPUTER-KNOWLEDGE-2021,CK-2021-Q059,3efb874f-9733-414f-b626-55fe68c6a113
NABARD-P1-COMPUTER-KNOWLEDGE-2021,CK-2021-Q061,140a61e1-5209-4422-9e15-90dabe759032
NABARD-P1-COMPUTER-KNOWLEDGE-2021,CK-2021-Q063,5bbb0092-1b5b-4e67-affc-05f65aa964c6
NABARD-P1-COMPUTER-KNOWLEDGE-2021,CK-2021-Q065,c0fce2ef-77d8-40ab-b0a3-c6f8a033de02
NABARD-P1-COMPUTER-KNOWLEDGE-2021,CK-2021-Q067,2c3bf592-4302-45a0-b9f1-0c1278e5e0ee
NABARD-P1-COMPUTER-KNOWLEDGE-2021,CK-2021-Q069,ca1bcee2-8a30-4318-8eaf-f99d8f1b4862
NABARD-P1-COMPUTER-KNOWLEDGE-2021,CK-2021-Q060,9712aaa9-d0b2-42e9-a58f-409f9c7d0f5d
NABARD-P1-COMPUTER-KNOWLEDGE-2021,CK-2021-Q062,d8041c18-ce48-48f8-9b2a-0f37204a4a2e
NABARD-P1-COMPUTER-KNOWLEDGE-2021,CK-2021-Q064,1a6b53d5-abca-4365-a83f-535020beb980
NABARD-P1-COMPUTER-KNOWLEDGE-2021,CK-2021-Q066,0877f97f-ba62-4500-bac3-2c5f5c2dfdae
NABARD-P1-COMPUTER-KNOWLEDGE-2021,CK-2021-Q068,342da8b5-918a-4171-813f-4dcbe46a456b
NABARD-P1-COMPUTER-KNOWLEDGE-2023,CK-2023-Q002,96449894-5cde-4924-b4e3-347525bda4fe
NABARD-P1-COMPUTER-KNOWLEDGE-2023,CK-2023-Q004,48839413-69cc-448e-8ce7-16c8ac788b32
NABARD-P1-COMPUTER-KNOWLEDGE-2023,CK-2023-Q006,305aed32-d8a0-4388-8a70-19c52ef607c3
NABARD-P1-COMPUTER-KNOWLEDGE-2023,CK-2023-Q001,efbe96ea-46f2-4e9a-a2a2-b27427668c3f
NABARD-P1-COMPUTER-KNOWLEDGE-2023,CK-2023-Q003,6df0d6cb-b68e-49d8-a5e0-53f0d34de7a4
NABARD-P1-COMPUTER-KNOWLEDGE-2023,CK-2023-Q005,92a09478-688c-4d44-8f52-e2558d0c2322
NABARD-P1-COMPUTER-KNOWLEDGE-2023,CK-2023-Q007,642e2461-a3ee-47fa-84fc-bcdbf7ab1882
NABARD-P1-COMPUTER-KNOWLEDGE-2023,CK-2023-Q009,4e773b82-deb9-4368-ac22-8dbfde9e7811
NABARD-P1-COMPUTER-KNOWLEDGE-2023,CK-2023-Q011,29dc2488-83b8-4141-a612-d8896ca5ae89
NABARD-P1-COMPUTER-KNOWLEDGE-2023,CK-2023-Q008,c49050cf-ba84-42e9-ade9-e2cb674eb7bf
NABARD-P1-COMPUTER-KNOWLEDGE-2023,CK-2023-Q010,e9d2df1f-0935-4220-983d-1f054f9396e2
NABARD-P1-COMPUTER-KNOWLEDGE-2023,CK-2023-Q012,71c4132b-cb66-46a1-bab0-78ebcc81d0b9
NABARD-P1-COMPUTER-KNOWLEDGE-2023,CK-2023-Q013,64e96ac6-e489-4713-a383-bcf98a77d8e1
NABARD-P1-COMPUTER-KNOWLEDGE-2023,CK-2023-Q014,0c686c66-d842-4cca-9b2a-e12e441816d8
NABARD-P1-COMPUTER-KNOWLEDGE-2023,CK-2023-Q015,f82bd3e3-e9a9-418c-bbf6-92a735d25aad
NABARD-P1-COMPUTER-KNOWLEDGE-2023,CK-2023-Q016,6b81e5e0-26f2-40ed-9248-d369a225d7cb
NABARD-P1-COMPUTER-KNOWLEDGE-2023,CK-2023-Q018,7825c9d1-8330-4a66-b439-d992d86af69f
NABARD-P1-COMPUTER-KNOWLEDGE-2023,CK-2023-Q017,0b8a597c-f4c5-47f4-91f6-99927725f2c5
NABARD-P1-COMPUTER-KNOWLEDGE-2023,CK-2023-Q019,296ce26e-130f-42f8-91c7-7aa0723d205a
NABARD-P1-COMPUTER-KNOWLEDGE-2023,CK-2023-Q020,5ba59b15-d9a4-48d1-ab9a-6c2d2bcb8d41
NABARD-P1-QUANTITATIVE-APTITUDE-2020,QA-2020-Q081,9cd0d22a-f774-4a65-80ad-daddaaaf8f51
NABARD-P1-QUANTITATIVE-APTITUDE-2020,QA-2020-Q082,ad35fd9c-9d72-4452-9255-36e06331c61e
NABARD-P1-QUANTITATIVE-APTITUDE-2020,QA-2020-Q084,464bfe1b-4aca-4c8c-87d2-1e8141dcd5fa
NABARD-P1-QUANTITATIVE-APTITUDE-2020,QA-2020-Q083,5770e862-0c96-4c14-a3f6-9fe8120781c9
NABARD-P1-QUANTITATIVE-APTITUDE-2020,QA-2020-Q085,1bb2aa73-f379-4e6d-a093-342faeba21d1
NABARD-P1-QUANTITATIVE-APTITUDE-2020,QA-2020-Q086,c82001b2-a1e8-4948-9a41-a74a67761135
NABARD-P1-QUANTITATIVE-APTITUDE-2020,QA-2020-Q088,b3c7bcbc-af01-49be-ac8e-c10880b8c348
NABARD-P1-QUANTITATIVE-APTITUDE-2020,QA-2020-Q090,6d5970ed-02a6-498b-a369-ba5237711657
NABARD-P1-QUANTITATIVE-APTITUDE-2020,QA-2020-Q087,724d6c0d-7042-4651-bcb0-243168398c11
NABARD-P1-QUANTITATIVE-APTITUDE-2020,QA-2020-Q089,7a7fa215-fde7-4b0d-8628-b7d3d17dc549
NABARD-P1-QUANTITATIVE-APTITUDE-2020,QA-2020-Q091,2f2a19b1-38f2-4aa8-8e3f-4f3178253145
NABARD-P1-QUANTITATIVE-APTITUDE-2020,QA-2020-Q092,4ecef4cd-28ef-4812-b6d9-7668e437e327
NABARD-P1-QUANTITATIVE-APTITUDE-2020,QA-2020-Q093,573547fd-46a6-4b36-a019-6fff961282bd
NABARD-P1-QUANTITATIVE-APTITUDE-2020,QA-2020-Q094,c2e9f69b-e00d-4d7f-9958-7b8825f916c8
NABARD-P1-QUANTITATIVE-APTITUDE-2020,QA-2020-Q095,13876959-8027-44e7-9d2c-4d42552d5522
NABARD-P1-QUANTITATIVE-APTITUDE-2020,QA-2020-Q097,957a457f-e9f4-4d64-a3e4-6ba3644bd91a
NABARD-P1-QUANTITATIVE-APTITUDE-2020,QA-2020-Q099,b933bf34-4d8b-4809-b13a-3e1943daf248
NABARD-P1-QUANTITATIVE-APTITUDE-2020,QA-2020-Q096,e112cad4-7e93-45a4-86e4-72e1c3558d58
NABARD-P1-QUANTITATIVE-APTITUDE-2020,QA-2020-Q098,1c79cfcb-f6bc-4c90-98e9-2e5c7e3aeb34
NABARD-P1-QUANTITATIVE-APTITUDE-2020,QA-2020-Q100,456179ad-cfa9-4d1b-a80d-1b22167cd1b8
NABARD-P1-QUANTITATIVE-APTITUDE-2023,QA-2023-Q002,a1acaaf0-303b-458e-bc80-b04c53f32b83
NABARD-P1-QUANTITATIVE-APTITUDE-2023,QA-2023-Q004,7f4a8748-115d-4a09-ac85-d69e1ed5c1eb
NABARD-P1-QUANTITATIVE-APTITUDE-2023,QA-2023-Q006,a0516c3a-369e-45c5-819b-1a57bef025a4
NABARD-P1-QUANTITATIVE-APTITUDE-2023,QA-2023-Q001,e228eed5-f29e-46ee-80ce-291b9f9a05e2
NABARD-P1-QUANTITATIVE-APTITUDE-2023,QA-2023-Q011,378c068e-ca7a-48cd-bc62-56bac359c50b
NABARD-P1-QUANTITATIVE-APTITUDE-2023,QA-2023-Q003,ca06959b-96e2-4fd3-9767-be4e540c3e11
NABARD-P1-QUANTITATIVE-APTITUDE-2023,QA-2023-Q005,1b045273-3a34-4d00-9c74-9023e14430fb
NABARD-P1-QUANTITATIVE-APTITUDE-2023,QA-2023-Q007,fb60e1be-897e-4ec1-af91-253c9179bb32
NABARD-P1-QUANTITATIVE-APTITUDE-2023,QA-2023-Q009,f10d8605-0d2c-429d-a611-fe3da029aa43
NABARD-P1-QUANTITATIVE-APTITUDE-2023,QA-2023-Q013,b36cd03a-fba4-4876-927c-2031f70c6ae5
NABARD-P1-QUANTITATIVE-APTITUDE-2023,QA-2023-Q015,0d839d28-7553-486c-aa01-250105b64607
NABARD-P1-QUANTITATIVE-APTITUDE-2023,QA-2023-Q017,f051d65b-3ab1-4697-9a74-9bfd8bcda4fa
NABARD-P1-QUANTITATIVE-APTITUDE-2023,QA-2023-Q019,28667b72-f580-4e43-9daf-7e8e24b40e46
NABARD-P1-QUANTITATIVE-APTITUDE-2023,QA-2023-Q008,4d9d19c9-1792-4ae4-a2be-f13a0bc2ecd0
NABARD-P1-QUANTITATIVE-APTITUDE-2023,QA-2023-Q010,bbf50998-34da-4065-8363-74a55599d1db
NABARD-P1-QUANTITATIVE-APTITUDE-2023,QA-2023-Q012,b899832a-acc9-46d1-b910-acc69ba92880
NABARD-P1-QUANTITATIVE-APTITUDE-2023,QA-2023-Q014,218f3081-b87d-49cb-9042-4bb0b884c322
NABARD-P1-QUANTITATIVE-APTITUDE-2023,QA-2023-Q016,4abb4365-f32d-480f-bfd7-c064bbfb19e8
NABARD-P1-QUANTITATIVE-APTITUDE-2023,QA-2023-Q018,7b5a9a2a-0430-424e-b161-d2c0126be32b
NABARD-P1-QUANTITATIVE-APTITUDE-2023,QA-2023-Q020,1708f103-8bd6-472e-9b5b-243c85fd5f64
NABARD-P1-DECISION-MAKING-2022-MORNING,DM-2022-Q091,007103b8-8269-48d1-a596-3daef769573c
NABARD-P1-DECISION-MAKING-2022-MORNING,DM-2022-Q092,e0eb333a-f056-4afc-ab31-774b8f25b4c5
NABARD-P1-DECISION-MAKING-2022-MORNING,DM-2022-Q094,8ce28419-37c0-4a1f-8690-d2c4ebd36961
NABARD-P1-DECISION-MAKING-2022-MORNING,DM-2022-Q096,ac40a796-e483-4b97-b3ad-c1e64b209121
NABARD-P1-DECISION-MAKING-2022-MORNING,DM-2022-Q098,68a501a2-0086-464f-808c-1f8539d963dc
NABARD-P1-DECISION-MAKING-2022-MORNING,DM-2022-Q100,6f58b437-2549-489d-b626-e5ed2b776e02
NABARD-P1-DECISION-MAKING-2022-MORNING,DM-2022-Q093,109c6192-d16b-4391-8a33-c527595ad72c
NABARD-P1-DECISION-MAKING-2022-MORNING,DM-2022-Q095,7676fdaf-1d65-4c4b-b8ec-fd1b0cc5056d
NABARD-P1-DECISION-MAKING-2022-MORNING,DM-2022-Q097,2c9bfe11-9529-41c1-bbca-f0a44b261d55
NABARD-P1-DECISION-MAKING-2022-MORNING,DM-2022-Q099,fe514612-5c43-48e4-8c6f-534c6b4e773c
NABARD-P1-ESI-2021,ESI-2021-Q121,baa18078-f915-413f-8bb2-ee38123400aa
NABARD-P1-ESI-2021,ESI-2021-Q123,e1f9dbce-ff92-4017-8ce7-6154e815a7a8
NABARD-P1-ESI-2021,ESI-2021-Q122,9ba17358-cf0d-4c29-9eeb-4a6097551d9d
NABARD-P1-ESI-2021,ESI-2021-Q124,e39b6441-8c5a-42ec-8e25-e9ad7c24b785
NABARD-P1-ESI-2021,ESI-2021-Q126,8e790a5f-49bc-46ef-8a9a-6fb1ace3f21e
NABARD-P1-ESI-2021,ESI-2021-Q128,b4ae2209-4fee-4e10-b744-c07007b49f0a
NABARD-P1-ESI-2021,ESI-2021-Q130,5d58dc89-bae1-4f86-9c7e-cad97bd9100d
NABARD-P1-ESI-2021,ESI-2021-Q132,362989e7-bc49-460b-b63d-d4d3f73b589b
NABARD-P1-ESI-2021,ESI-2021-Q134,da06a4fb-625a-45ef-8d0d-dd7b652cde7d
NABARD-P1-ESI-2021,ESI-2021-Q136,9397e03f-cfcb-4552-a867-1c077c27deab
NABARD-P1-ESI-2021,ESI-2021-Q138,52ae5602-c8a9-4ee8-b73e-c67a310a47e8
NABARD-P1-ESI-2021,ESI-2021-Q140,0a690d51-556c-42e5-abe7-7ccda27d1e04
NABARD-P1-ESI-2021,ESI-2021-Q125,26f600a4-f446-45d1-a6f0-0d8452a348a7
NABARD-P1-ESI-2021,ESI-2021-Q127,34f890b7-33e2-46b5-bb0d-d81c1b410af5
NABARD-P1-ESI-2021,ESI-2021-Q129,e8fa6b64-bc20-4ddd-86d3-9d0dd5ac1e69
NABARD-P1-ESI-2021,ESI-2021-Q131,e58a6344-9087-421c-a223-1eba6122c392
NABARD-P1-ESI-2021,ESI-2021-Q133,d8d2bdd2-8909-40e3-8f0c-a2c00ef9e21d
NABARD-P1-ESI-2021,ESI-2021-Q135,063fd31a-ccc6-45c2-b9c5-f76909b9e7f1
NABARD-P1-ESI-2021,ESI-2021-Q137,0474c956-a29c-4691-956b-5ad0eac3a844
NABARD-P1-ESI-2021,ESI-2021-Q139,b0198099-8750-491a-aa30-5c27dbec9345
NABARD-P1-ESI-2021,ESI-2021-Q141,564a2513-7fe3-4393-8f1f-14ded4083177
NABARD-P1-ESI-2021,ESI-2021-Q143,13612355-239e-474e-9fc3-049efa392aff
NABARD-P1-ESI-2021,ESI-2021-Q145,75505edf-4f9c-433d-898f-d83ea14769d3
NABARD-P1-ESI-2021,ESI-2021-Q147,d1f22190-045d-4c38-9513-b4d6abf7bac0
NABARD-P1-ESI-2021,ESI-2021-Q149,9dbd6b28-aec7-4ec3-bcdc-ed8ffb24f141
NABARD-P1-ESI-2021,ESI-2021-Q151,16fa9ea4-8f70-446b-be8d-ed5a8c415557
NABARD-P1-ESI-2021,ESI-2021-Q153,cd3e1770-edf6-4187-a15a-4120f83e6181
NABARD-P1-ESI-2021,ESI-2021-Q155,096a96a8-49cd-4b33-81e3-a55ea139f73e
NABARD-P1-ESI-2021,ESI-2021-Q157,d1cad1a7-7d46-42ac-a464-5ff74c31cdec
NABARD-P1-ESI-2021,ESI-2021-Q159,c3e965bc-521d-4dd2-af33-2e6f6268b098
NABARD-P1-ESI-2021,ESI-2021-Q142,3a288c45-e2a1-4263-ab2e-81da4f2c7b35
NABARD-P1-ESI-2021,ESI-2021-Q144,b0e7de79-0038-44bf-9336-8a14f4820853
NABARD-P1-ESI-2021,ESI-2021-Q146,6a2d497e-6fec-4814-8c3c-35826750a726
NABARD-P1-ESI-2021,ESI-2021-Q148,7c866b78-16ec-47be-b87d-e011464d76cd
NABARD-P1-ESI-2021,ESI-2021-Q150,838407a6-e968-4a06-98a7-36f4836a136e
NABARD-P1-ESI-2021,ESI-2021-Q152,82d19cd7-018c-4b11-8f41-bacfcfb4860d
NABARD-P1-ESI-2021,ESI-2021-Q154,74915ff9-7db7-4fb1-b2af-bed3e86c7820
NABARD-P1-ESI-2021,ESI-2021-Q156,a9acaa3c-0993-47b4-8416-567c928ffff2
NABARD-P1-ESI-2021,ESI-2021-Q158,e3a2072a-5574-4e68-b90a-4df38fa2de1e
NABARD-P1-ESI-2021,ESI-2021-Q160,eaefab51-6bad-4fac-b53e-1b8059baed13
NABARD-P1-ESI-2023,ESI-2023-Q002,4fb342d0-d33e-4f1e-9883-2832c76ffad6
NABARD-P1-ESI-2023,ESI-2023-Q004,edbfa701-f00a-4f78-bac8-32189ba52220
NABARD-P1-ESI-2023,ESI-2023-Q006,fa1143d9-097d-453f-bafc-c6864d51fa62
NABARD-P1-ESI-2023,ESI-2023-Q008,42669b42-d4a9-46a8-937c-991d9e260482
NABARD-P1-ESI-2023,ESI-2023-Q001,51c1c76e-6e85-4be7-aec3-49866ed4878c
NABARD-P1-ESI-2023,ESI-2023-Q003,98c268dc-bdf4-40c0-a465-496b83c179f9
NABARD-P1-ESI-2023,ESI-2023-Q005,40eb7f00-17eb-4b6d-9298-dff9100ff31d
NABARD-P1-ESI-2023,ESI-2023-Q007,d44261f6-cb82-471e-b7cb-7d25eeacb379
NABARD-P1-ESI-2023,ESI-2023-Q009,6534a693-ae61-4240-9afa-490df1870695
NABARD-P1-ESI-2023,ESI-2023-Q010,30ce4c60-a7e0-42fb-9db6-f6afdf2757da
NABARD-P1-ESI-2023,ESI-2023-Q012,de7a3361-050a-4151-9a9f-015ffde4cede
NABARD-P1-ESI-2023,ESI-2023-Q014,ee8da731-7351-4845-aa74-536436f911cf
NABARD-P1-ESI-2023,ESI-2023-Q011,ca88b758-af41-4c7c-bd49-ca9a7194adb2
NABARD-P1-ESI-2023,ESI-2023-Q013,44f24ab8-18ba-4ccc-b102-576b2842d79d
NABARD-P1-ESI-2023,ESI-2023-Q015,4fb4424e-5c57-4018-8deb-f0b1ce51ccbf
NABARD-P1-ESI-2023,ESI-2023-Q016,b620324f-e420-4de6-b6a8-1418aad6724a
NABARD-P1-ESI-2023,ESI-2023-Q018,fc629bde-12ba-4c08-8b2e-c3f84ab7929d
NABARD-P1-ESI-2023,ESI-2023-Q020,32ad3026-4ae6-478e-af3c-7412c29ddefe
NABARD-P1-ESI-2023,ESI-2023-Q022,c8ea54b2-a4c9-43a2-911b-a26f631129be
NABARD-P1-ESI-2023,ESI-2023-Q017,03fc2878-92d4-4fe0-b2ea-bd85cbae4cd0
NABARD-P1-ESI-2023,ESI-2023-Q019,c7f6422e-66af-4d6c-91a3-c6e17c66e72c
NABARD-P1-ESI-2023,ESI-2023-Q021,32ace795-7493-411e-bd2d-bf71e5dbc6a6
NABARD-P1-ESI-2023,ESI-2023-Q023,83cadda2-5bc3-4b0e-bce7-a3ea0d39116d
NABARD-P1-ESI-2023,ESI-2023-Q024,3d519aa4-19e6-446c-9f3f-920813f9218b
NABARD-P1-ESI-2023,ESI-2023-Q026,0addfa36-91b5-4766-8d73-df7a42af09b1
NABARD-P1-ESI-2023,ESI-2023-Q028,9862a149-1017-49f7-8152-f326bd9ed03d
NABARD-P1-ESI-2023,ESI-2023-Q025,ba6d5f65-86ea-414d-918b-46d515b29dee
NABARD-P1-ESI-2023,ESI-2023-Q027,3c2aa04e-9e60-4d98-9b17-dc1af7ada81c
NABARD-P1-ESI-2023,ESI-2023-Q029,ad039937-0ea2-42d1-8cc6-a8aa9b6878e5
NABARD-P1-ESI-2023,ESI-2023-Q031,9b920abb-0fbf-45db-9da1-f378c726fb7a
NABARD-P1-ESI-2023,ESI-2023-Q033,abb6616e-aabd-44e0-ad90-f0db339671a7
NABARD-P1-ESI-2023,ESI-2023-Q030,301bae11-6699-47ac-a40c-4572ced58f81
NABARD-P1-ESI-2023,ESI-2023-Q032,f7ba88b5-a82a-47a2-88e0-ba25c51f99e7
NABARD-P1-ESI-2023,ESI-2023-Q034,465cc03e-9755-403c-ab68-6a05cb0c038e
NABARD-P1-ESI-2023,ESI-2023-Q036,ca3e10e1-eabf-461e-9138-605861bd59dc
NABARD-P1-ESI-2023,ESI-2023-Q038,b0341070-9130-4600-8690-0cee97d689ce
NABARD-P1-ESI-2023,ESI-2023-Q040,0764f627-bf9e-429b-80ff-bdf1a20b30de
NABARD-P1-ESI-2023,ESI-2023-Q035,dddb9177-cf8c-41ea-979a-0160d7780129
NABARD-P1-ESI-2023,ESI-2023-Q037,42f9cad6-9096-4e83-9903-70825b586369
NABARD-P1-ESI-2023,ESI-2023-Q039,716fa4c9-b815-4736-8c91-e84f507d30f7
NABARD-P1-ARD-2022-EVENING,ARD-2022-Q161,394bbcda-4887-4195-8292-3d355768982f
NABARD-P1-ARD-2022-EVENING,ARD-2022-Q163,86d7e7c2-94b4-4007-958c-59f0ac01460c
NABARD-P1-ARD-2022-EVENING,ARD-2022-Q165,ee21319f-c8ef-4b5e-918d-47bed093c964
NABARD-P1-ARD-2022-EVENING,ARD-2022-Q167,d349895d-08b4-46b1-8266-43873e45bf70
NABARD-P1-ARD-2022-EVENING,ARD-2022-Q169,f23a3ffc-96ef-4a5e-abbd-6075607b0cd0
NABARD-P1-ARD-2022-EVENING,ARD-2022-Q171,291478d9-5b5e-421b-abe5-f3b83ad640ed
NABARD-P1-ARD-2022-EVENING,ARD-2022-Q162,d7b2f042-933c-409f-bb55-dced85325ee3
NABARD-P1-ARD-2022-EVENING,ARD-2022-Q164,dd05980e-640b-42b0-b503-bd2f3eb7eb26
NABARD-P1-ARD-2022-EVENING,ARD-2022-Q166,715624db-4b03-4fef-9689-d1d6941b7f3e
NABARD-P1-ARD-2022-EVENING,ARD-2022-Q168,41194aee-522d-430d-98d7-c60c15ea239e
NABARD-P1-ARD-2022-EVENING,ARD-2022-Q170,d5def613-34fe-4f2c-a7a6-6725653f2aea
NABARD-P1-ARD-2022-EVENING,ARD-2022-Q172,afb5f01e-f08c-4339-8322-c4a54a014df9
NABARD-P1-ARD-2022-EVENING,ARD-2022-Q174,cc506f6b-594c-4966-8db9-cae35045181a
NABARD-P1-ARD-2022-EVENING,ARD-2022-Q176,14c9864c-6222-44dc-b774-b145e571cbb9
NABARD-P1-ARD-2022-EVENING,ARD-2022-Q178,d8785aed-4daa-4e59-bc7e-997d7f515408
NABARD-P1-ARD-2022-EVENING,ARD-2022-Q180,a38c8c87-0873-4171-8e81-a9ebdfe80fef
NABARD-P1-ARD-2022-EVENING,ARD-2022-Q182,9a7e4b71-0513-4606-97b0-363ac9ed42c1
NABARD-P1-ARD-2022-EVENING,ARD-2022-Q184,26fc8610-c2c5-4b21-a724-c0dde2e2f5f0
NABARD-P1-ARD-2022-EVENING,ARD-2022-Q186,587377a8-9b63-4b4b-af89-ea69d258e9da
NABARD-P1-ARD-2022-EVENING,ARD-2022-Q185,16c46e8d-4b8b-4ffc-81b6-7aad0de75701
NABARD-P1-ARD-2022-EVENING,ARD-2022-Q173,8e1a07d7-68cc-4973-912a-351dea0824c5
NABARD-P1-ARD-2022-EVENING,ARD-2022-Q175,e5396cec-f01f-443a-89b5-26def471e648
NABARD-P1-ARD-2022-EVENING,ARD-2022-Q177,ae9fb055-ac24-4dfb-900a-102cd9618289
NABARD-P1-ARD-2022-EVENING,ARD-2022-Q179,18469bbc-f456-416f-bf5c-4241717e460a
NABARD-P1-ARD-2022-EVENING,ARD-2022-Q181,e316957b-bb50-485c-bd48-dd88d04941a5
NABARD-P1-ARD-2022-EVENING,ARD-2022-Q183,43f8fa28-c9fd-4e1f-a78f-f65a46df8403
NABARD-P1-ARD-2022-EVENING,ARD-2022-Q187,4ad1e8ee-9f34-4cdf-8ef7-457d16c437b5
NABARD-P1-ARD-2022-EVENING,ARD-2022-Q189,961740cd-268f-412e-ae06-3bfbb174ca17
NABARD-P1-ARD-2022-EVENING,ARD-2022-Q191,326d74f7-e6ae-4688-8ae5-7bc2e53015aa
NABARD-P1-ARD-2022-EVENING,ARD-2022-Q193,aff397f7-3664-44fc-9906-25272ca3b798
NABARD-P1-ARD-2022-EVENING,ARD-2022-Q195,57eca2a4-db8e-4ace-a888-77fc6d51dc82
NABARD-P1-ARD-2022-EVENING,ARD-2022-Q197,3535bff5-5b1d-48e1-8693-84811f43108a
NABARD-P1-ARD-2022-EVENING,ARD-2022-Q199,37779e8e-7436-4399-aa52-cb616f4d524c
NABARD-P1-ARD-2022-EVENING,ARD-2022-Q188,97bb79af-9280-4d04-bb89-0c8d9798449d
NABARD-P1-ARD-2022-EVENING,ARD-2022-Q190,20a1d78d-0f13-4eb3-9bcd-c289c573d348
NABARD-P1-ARD-2022-EVENING,ARD-2022-Q192,2dfd3007-7bde-48ae-bf30-104ec7190fc0
NABARD-P1-ARD-2022-EVENING,ARD-2022-Q194,8e5d8e77-168c-4cce-8156-1f3f827ec8b3
NABARD-P1-ARD-2022-EVENING,ARD-2022-Q196,d5e46adb-0b55-48f6-891b-5b59be02e87d
NABARD-P1-ARD-2022-EVENING,ARD-2022-Q198,1c16b87a-cd78-43ed-ba9a-4ec9316e50a1
NABARD-P1-ARD-2022-EVENING,ARD-2022-Q200,92baf83e-bee7-43d2-bb08-c4270f5436ae
NABARD-P1-ARD-2023,ARD-2023-Q002,5bc7d8ec-56bf-4a2c-b81b-864ba9e5be89
NABARD-P1-ARD-2023,ARD-2023-Q004,612d7ea4-59bb-41df-976f-8ee57a46655e
NABARD-P1-ARD-2023,ARD-2023-Q006,7abc3972-1ff2-4505-8a6e-9eac5fd156dd
NABARD-P1-ARD-2023,ARD-2023-Q008,46df77e9-63c5-47ca-9cc5-772c11c56b98
NABARD-P1-ARD-2023,ARD-2023-Q010,856ec76c-fc1f-48bb-bebb-cf5333d46920
NABARD-P1-ARD-2023,ARD-2023-Q012,1898d86d-6971-4d02-897d-ad2a9a92701f
NABARD-P1-ARD-2023,ARD-2023-Q014,ac6cd0bf-fb42-4146-b5ef-354d58a9c670
NABARD-P1-ARD-2023,ARD-2023-Q016,b61d155f-34bd-493e-9625-f555b231f4fe
NABARD-P1-ARD-2023,ARD-2023-Q001,1fa6dcbf-f5e7-4b5b-9c46-72446dbde8d0
NABARD-P1-ARD-2023,ARD-2023-Q003,c513c955-3494-4ffd-b494-b159bb493a5c
NABARD-P1-ARD-2023,ARD-2023-Q005,0090c865-1338-4ee2-a5f1-773481ef40fe
NABARD-P1-ARD-2023,ARD-2023-Q007,f02ae168-21ec-476f-bad6-6ee4bda6a860
NABARD-P1-ARD-2023,ARD-2023-Q009,95777e42-3a55-4c18-8fd6-d79aa15db1bc
NABARD-P1-ARD-2023,ARD-2023-Q011,091d865d-d059-4dea-844a-b84a18ca8b32
NABARD-P1-ARD-2023,ARD-2023-Q013,22451541-2f03-4b7c-b929-7c41c4370bfd
NABARD-P1-ARD-2023,ARD-2023-Q015,4d1ac1f6-6fae-4865-9dbf-86848233e1ab
NABARD-P1-ARD-2023,ARD-2023-Q017,f7b617f1-30e9-4347-ad65-5d080aca3c4f
NABARD-P1-ARD-2023,ARD-2023-Q018,73b50064-1866-4569-a5f6-d9560f93785d
NABARD-P1-ARD-2023,ARD-2023-Q020,5aee064a-4372-410b-a3ca-7bcc4a227ad2
NABARD-P1-ARD-2023,ARD-2023-Q022,74aee040-27fd-46ed-b514-5902bfbe712d
NABARD-P1-ARD-2023,ARD-2023-Q024,e9ffca75-067e-4343-b915-ebcdd50bcbce
NABARD-P1-ARD-2023,ARD-2023-Q026,60713784-933c-462f-ac84-8e32c115e2b5
NABARD-P1-ARD-2023,ARD-2023-Q028,a1fd8fe3-a280-41d1-8919-bc207d93e99a
NABARD-P1-ARD-2023,ARD-2023-Q030,463d180b-c463-4a4e-ba24-b4a9bcb5b684
NABARD-P1-ARD-2023,ARD-2023-Q032,1306b573-9195-498c-8021-b708fb729b41
NABARD-P1-ARD-2023,ARD-2023-Q034,9a5e2391-b34e-4eaf-ae57-57819765e85d
NABARD-P1-ARD-2023,ARD-2023-Q019,dfdbd9eb-a37b-49bc-87a6-ba46180a9e7c
NABARD-P1-ARD-2023,ARD-2023-Q021,c117b4d8-e9ef-44c4-a59e-bc62fd38c927
NABARD-P1-ARD-2023,ARD-2023-Q023,7ad4a692-652e-411d-906c-2d62652c8b41
NABARD-P1-ARD-2023,ARD-2023-Q025,709f558c-ce36-4df4-a404-cdb3edb75723
NABARD-P1-ARD-2023,ARD-2023-Q027,b5212ab9-20ab-4fb5-9b99-281a3e603f41
NABARD-P1-ARD-2023,ARD-2023-Q029,1e733219-314d-46be-8899-455b30e4c955
NABARD-P1-ARD-2023,ARD-2023-Q031,c272dc85-abf3-4174-8b1d-521d0ebbc09a
NABARD-P1-ARD-2023,ARD-2023-Q033,7fbfde77-a518-46f9-89ec-f72e8a34b944
NABARD-P1-ARD-2023,ARD-2023-Q035,95198528-8198-4433-8f6a-caf4f8c7a66a
NABARD-P1-ARD-2023,ARD-2023-Q037,a57b121e-8f08-4adc-a90a-c5c388f13b74
NABARD-P1-ARD-2023,ARD-2023-Q039,9ade5709-29e8-4e04-abc5-1359bf9fb7ff
NABARD-P1-ARD-2023,ARD-2023-Q036,b54ea5ea-c507-401c-be12-b883a359d213
NABARD-P1-ARD-2023,ARD-2023-Q038,8efc6ad6-e658-43ba-9a7c-5bd365c8cb70
NABARD-P1-ARD-2023,ARD-2023-Q040,5ffa3c56-1976-47fc-bd61-fa2f129f88df
NABARD-P2-ARD-2023,ARDESI-2023-Q002,3fdc4522-4745-446c-8089-f9b19bcfd863
NABARD-P2-ARD-2023,ARDESI-2023-Q004,aaedae03-6c27-4e6e-88c0-6c31e03801b2
NABARD-P2-ARD-2023,ARDESI-2023-Q006,e41018e1-8f6e-4618-a3ef-f33133690e0c
NABARD-P2-ARD-2023,ARDESI-2023-Q007,69c75dbc-3dec-4a82-ae0a-0302c23065d6
NABARD-P2-ARD-2023,ARDESI-2023-Q009,c231f2c2-704e-4fe1-a0be-ab9f05f10ae1
NABARD-P2-ARD-2023,ARDESI-2023-Q011,5a496ff8-21d8-41ad-9cd6-9904f04529fc
NABARD-P2-ARD-2023,ARDESI-2023-Q013,8e056df1-419a-4446-a1ae-65edf892331b
NABARD-P2-ARD-2023,ARDESI-2023-Q001,ea0c48f9-0c96-4d32-b5b7-737921702acb
NABARD-P2-ARD-2023,ARDESI-2023-Q003,dd81ad2c-97c1-4a3d-a451-587797ba6490
NABARD-P2-ARD-2023,ARDESI-2023-Q005,0697d477-dfdc-4585-8f67-0d4f8c742b3d
NABARD-P2-ARD-2023,ARDESI-2023-Q008,1d619ca4-01f0-4f76-b54c-4faaf29a33b9
NABARD-P2-ARD-2023,ARDESI-2023-Q010,67beae85-b147-4384-b0fa-141d6640607a
NABARD-P2-ARD-2023,ARDESI-2023-Q012,dc10ac8c-62eb-4360-a4e0-b9b2fa270d3e
NABARD-P2-ARD-2023,ARDESI-2023-Q014,940f88f7-8523-4985-ae26-aa6c4cac8b12
NABARD-P2-ARD-2023,ARDESI-2023-Q016,c1ed7de3-26a8-41a9-ac1f-5f80f210ffc8
NABARD-P2-ARD-2023,ARDESI-2023-Q018,15136f53-bd88-481c-b107-5b14285944dc
NABARD-P2-ARD-2023,ARDESI-2023-Q015,bf5259a1-cc21-4312-96d8-5fe6bad0a838
NABARD-P2-ARD-2023,ARDESI-2023-Q017,0c145508-fd19-493e-9fc1-ab472afd3f4c
NABARD-P2-ARD-2023,ARDESI-2023-Q019,27ac0625-03a6-49d8-aaa3-309b2ecefea2
NABARD-P2-ARD-2023,ARDESI-2023-Q021,d0315e76-c96d-4cc0-a900-b7fb213d8c12
NABARD-P2-ARD-2023,ARDESI-2023-Q023,b0f20e15-f023-4aef-96ba-3df3845065a0
NABARD-P2-ARD-2023,ARDESI-2023-Q025,cc95cbd2-3c37-4dea-9390-ef89def3b7d8
NABARD-P2-ARD-2023,ARDESI-2023-Q027,fb9f505b-4fe1-41f8-b658-685f4ae2dabf
NABARD-P2-ARD-2023,ARDESI-2023-Q029,19549956-df1d-401d-af9d-d6270d5e42fe
NABARD-P2-ARD-2023,ARDESI-2023-Q020,60d8a5cd-3861-4c8f-b1d1-5a0bdf0a7f6a
NABARD-P2-ARD-2023,ARDESI-2023-Q022,fecb73eb-e620-4320-a848-0a53114551b5
NABARD-P2-ARD-2023,ARDESI-2023-Q024,dad9e824-d2d2-4e81-a75a-bfc050e7eb2b
NABARD-P2-ARD-2023,ARDESI-2023-Q026,7e7bf541-421b-4f40-a46d-e57580b9f220
NABARD-P2-ARD-2023,ARDESI-2023-Q028,63a5248f-4cf0-4cc1-bb91-efa188b3796c
NABARD-P2-ARD-2023,ARDESI-2023-Q030,bf354ee9-50d3-4085-a367-09fea8fae851
NABARD-P2-ESI-2020,ESI-2020-Q031,1ab839c2-6c36-479d-a05d-4196e1d0a6d0
NABARD-P2-ESI-2020,ESI-2020-Q033,6bf43f7a-1faa-4ab2-b6d0-3db88d5e9b0a
NABARD-P2-ESI-2020,ESI-2020-Q035,56faadeb-2be4-4228-b207-34ed343b4cc9
NABARD-P2-ESI-2020,ESI-2020-Q037,12da286d-399f-49e0-9552-a328a2a2bae5
NABARD-P2-ESI-2020,ESI-2020-Q032,ac2bd1dd-28cf-4183-8f89-1decb38957f9
NABARD-P2-ESI-2020,ESI-2020-Q034,e255415b-0025-4e94-a7cd-d483cd90dd78
NABARD-P2-ESI-2020,ESI-2020-Q036,50e6abd0-36d9-4227-a939-5554af21a2e4
NABARD-P2-ESI-2020,ESI-2020-Q038,ac81fe82-8923-4f5e-a8d1-481059a32c5b
NABARD-P2-ESI-2020,ESI-2020-Q039,7f1e85ba-de0d-4def-9ef7-f90c0582594a
NABARD-P2-ESI-2020,ESI-2020-Q041,1283e442-02b5-4dc3-b302-cc013f4f8424
NABARD-P2-ESI-2020,ESI-2020-Q040,f0a90acd-32d8-410c-ba8a-dee9f0da28bf
NABARD-P2-ESI-2020,ESI-2020-Q042,59b6090a-abb4-4f9f-be59-72eb8d377009
NABARD-P2-ESI-2020,ESI-2020-Q044,4d80b35a-8e6e-41bd-87f3-816e8a668137
NABARD-P2-ESI-2020,ESI-2020-Q046,e7922cdd-6d7b-4ad3-b267-ae2a3b9da341
NABARD-P2-ESI-2020,ESI-2020-Q048,66a0a7cb-08f5-46ac-995f-3c25ff41181f
NABARD-P2-ESI-2020,ESI-2020-Q043,3736c733-cd1f-4217-a10c-41c0e216b16e
NABARD-P2-ESI-2020,ESI-2020-Q045,0cf77089-bd89-4580-ab30-7d2717d38030
NABARD-P2-ESI-2020,ESI-2020-Q047,a6e0fd22-6c97-4387-8014-4b0cad6295ae
NABARD-P2-ESI-2020,ESI-2020-Q049,9377fe5e-088f-4a6c-ba56-76fb887c4882
NABARD-P2-ESI-2020,ESI-2020-Q050,d3dba56b-4caf-4da5-90c1-51e89aef3408
NABARD-P2-ESI-2020,ESI-2020-Q051,1e470fad-6863-4d03-a31b-dc015c3890d2
NABARD-P2-ESI-2020,ESI-2020-Q053,05b7db6b-a294-46dd-bc16-56d6a56359fd
NABARD-P2-ESI-2020,ESI-2020-Q055,a75482d0-f300-457d-9e2b-f689286cb9f5
NABARD-P2-ESI-2020,ESI-2020-Q052,9599b74b-d1a2-4d5e-872c-6364016ab78f
NABARD-P2-ESI-2020,ESI-2020-Q054,84300146-cc67-438e-a481-1cf12f926f0a
NABARD-P2-ESI-2020,ESI-2020-Q066,6a9e4932-bf97-486a-a878-7a63b332e79b
NABARD-P2-ESI-2020,ESI-2020-Q057,728d97a0-6b13-4fe1-8ffb-9b4deba63d19
NABARD-P2-ESI-2020,ESI-2020-Q059,8cd6b778-175b-4f6a-b751-bc4ac8977b20
NABARD-P2-ESI-2020,ESI-2020-Q058,81dfb102-590a-4363-8bde-91013e035f30
NABARD-P2-ESI-2020,ESI-2020-Q060,aafee9b6-f864-489d-9fc6-7b4599bd94b0
NABARD-P2-ESI-2020,ESI-2020-Q062,8acca317-4e37-4c92-8d52-91e70964a687
NABARD-P2-ESI-2020,ESI-2020-Q064,88089352-fbad-4e66-aada-c8247e207100
NABARD-P2-ESI-2020,ESI-2020-Q061,ce5b2d6d-b963-4fe9-b76c-834b9ffb52a2
NABARD-P2-ESI-2020,ESI-2020-Q063,457abf3d-65fc-4f08-b326-623fc0376e0c
NABARD-P2-ESI-2020,ESI-2020-Q065,cecf6b94-2802-429b-a02f-9d4c82967d05
NABARD-P1-ENGLISH-2022-MORNING,ENG-2022-Q022,d312d099-0d8c-4fac-8912-3ed9306a23cd
NABARD-P1-ENGLISH-2022-MORNING,ENG-2022-Q024,891ee532-85da-41f0-a91f-3592f2ed5ed4
NABARD-P1-ENGLISH-2022-MORNING,ENG-2022-Q026,5d7f7cc6-8553-4cbb-8d33-2a3970a4a62d
NABARD-P1-ENGLISH-2022-MORNING,ENG-2022-Q028,50222e47-eafa-4473-bcaa-802342ef4ab2
NABARD-P1-ENGLISH-2022-MORNING,ENG-2022-Q021,32b2b475-ae4e-4f14-b0c2-deb5cf3be3d5
NABARD-P1-ENGLISH-2022-MORNING,ENG-2022-Q023,5cd5bfb0-d607-4970-b89f-bdc034644c4e
NABARD-P1-ENGLISH-2022-MORNING,ENG-2022-Q025,96105204-827f-4e6f-8b7c-d1d338e2f5c3
NABARD-P1-ENGLISH-2022-MORNING,ENG-2022-Q027,718c67d4-35a4-4d16-9e57-d808b0fed752
NABARD-P1-ENGLISH-2022-MORNING,ENG-2022-Q029,997f1069-40be-4cd0-9383-49011ee0a214
NABARD-P1-ENGLISH-2022-MORNING,ENG-2022-Q031,d0c2e8fc-2754-4da6-ab8a-7103e1755f86
NABARD-P1-ENGLISH-2022-MORNING,ENG-2022-Q030,182d1363-bf64-494c-95ad-04726a9b4733
NABARD-P1-ENGLISH-2022-MORNING,ENG-2022-Q032,815abfb6-f2da-4298-893e-18cd2e3d9cdc
NABARD-P1-ENGLISH-2022-MORNING,ENG-2022-Q034,19180375-816f-4f74-9a86-f0008b2c2764
NABARD-P1-ENGLISH-2022-MORNING,ENG-2022-Q033,2e4589f7-33f5-43f6-82d7-d80c5fdf5085
NABARD-P1-ENGLISH-2022-MORNING,ENG-2022-Q035,05c88e78-b31f-42c7-8e46-2697581249f6
NABARD-P1-ENGLISH-2022-MORNING,ENG-2022-Q037,d4200eb5-1ebf-4cbe-a07d-89f84db112a9
NABARD-P1-ENGLISH-2022-MORNING,ENG-2022-Q039,61952d0d-60a3-406c-a9e0-1a1e94cd0205
NABARD-P1-ENGLISH-2022-MORNING,ENG-2022-Q041,c7a497b7-64c2-4ed4-85c6-c5c966ad468c
NABARD-P1-ENGLISH-2022-MORNING,ENG-2022-Q036,84052b00-297f-4b90-b7a8-b98b09fe8577
NABARD-P1-ENGLISH-2022-MORNING,ENG-2022-Q038,8bba61b3-a4a2-4e9a-85b0-a26c2c64f0c2
NABARD-P1-ENGLISH-2022-MORNING,ENG-2022-Q040,6edcd138-ae25-40d6-976d-7358ad1ae833
NABARD-P1-ENGLISH-2022-MORNING,ENG-2022-Q042,3d42619e-76f0-4b59-a2fe-dcec905d6cb0
NABARD-P1-ENGLISH-2022-MORNING,ENG-2022-Q043,d042d074-7fbc-4ead-b8f6-cfb459c59405
NABARD-P1-ENGLISH-2022-MORNING,ENG-2022-Q045,3417a3e9-d338-4386-a7d0-9dd207220306
NABARD-P1-ENGLISH-2022-MORNING,ENG-2022-Q044,8119841d-9505-4fd5-b5b9-0db3d7036b18
NABARD-P1-ENGLISH-2022-MORNING,ENG-2022-Q046,f0b12513-a58f-4487-8a29-21e5d2f73b2e
NABARD-P1-ENGLISH-2022-MORNING,ENG-2022-Q047,c4084c3e-7875-4ed1-ba5c-9bbb4c825d5a
NABARD-P1-ENGLISH-2022-MORNING,ENG-2022-Q049,f689faf8-317b-4b69-b589-1c4dd35456f1
NABARD-P1-ENGLISH-2022-MORNING,ENG-2022-Q048,f37d319b-8da6-4240-a896-f9250756e6f3
NABARD-P1-ENGLISH-2022-MORNING,ENG-2022-Q050,d065b70b-e176-4626-a3fd-b0f43994d342
NABARD-P1-COMPUTER-KNOWLEDGE-2022-MORNING,CK-2022-Q052,0ac2b1ff-67df-4052-a0aa-d864cd0c0e4a
NABARD-P1-COMPUTER-KNOWLEDGE-2022-MORNING,CK-2022-Q054,f544c504-c7e5-42a2-86bd-c527b7b6261f
NABARD-P1-COMPUTER-KNOWLEDGE-2022-MORNING,CK-2022-Q056,dc1b9b80-16a4-4ca3-b5ec-c613eb775f4a
NABARD-P1-COMPUTER-KNOWLEDGE-2022-MORNING,CK-2022-Q058,71479fb3-5bf9-493c-97dc-c6afd635cead
NABARD-P1-COMPUTER-KNOWLEDGE-2022-MORNING,CK-2022-Q051,4476af38-c549-4b25-8e04-5bc75c7fde4d
NABARD-P1-COMPUTER-KNOWLEDGE-2022-MORNING,CK-2022-Q053,afe63256-5b85-44c0-b3c0-22777bb9318d
NABARD-P1-COMPUTER-KNOWLEDGE-2022-MORNING,CK-2022-Q055,4c2f1fff-ed42-4231-a207-af7d42ee538e
NABARD-P1-COMPUTER-KNOWLEDGE-2022-MORNING,CK-2022-Q057,2329940b-e0bd-4c95-b0f4-07d09ba1f51d
NABARD-P1-COMPUTER-KNOWLEDGE-2022-MORNING,CK-2022-Q059,caa68494-2c85-4ccf-8edf-6b5583a20647
NABARD-P1-COMPUTER-KNOWLEDGE-2022-MORNING,CK-2022-Q061,d0012e20-9fce-4458-9a1c-98d975e74943
NABARD-P1-COMPUTER-KNOWLEDGE-2022-MORNING,CK-2022-Q063,1243ebe5-0d7d-4ec4-931b-18dc056dd87d
NABARD-P1-COMPUTER-KNOWLEDGE-2022-MORNING,CK-2022-Q065,e27671b3-161e-4fcf-8772-3512cff626bc
NABARD-P1-COMPUTER-KNOWLEDGE-2022-MORNING,CK-2022-Q060,a04d4fb8-dcd5-496c-b7f4-a7e4447e5f3a
NABARD-P1-COMPUTER-KNOWLEDGE-2022-MORNING,CK-2022-Q062,246b8659-7c0b-40ac-b199-7781e40851d5
NABARD-P1-COMPUTER-KNOWLEDGE-2022-MORNING,CK-2022-Q064,fde4c3d8-3f15-4a3f-b65b-d5e78d3fb73f
NABARD-P1-COMPUTER-KNOWLEDGE-2022-MORNING,CK-2022-Q066,59f8f9c0-730a-4d97-a44c-e2942d94b470
NABARD-P1-COMPUTER-KNOWLEDGE-2022-MORNING,CK-2022-Q068,d217a28a-79b8-48fb-89b3-f31005b13dc3
NABARD-P1-COMPUTER-KNOWLEDGE-2022-MORNING,CK-2022-Q070,ea603afc-f34e-4c8c-b800-938ee5965df8
NABARD-P1-COMPUTER-KNOWLEDGE-2022-MORNING,CK-2022-Q067,7225bd4c-33df-4c82-9bf9-44b2f6259a8b
NABARD-P1-COMPUTER-KNOWLEDGE-2022-MORNING,CK-2022-Q069,7c123e00-18f2-4462-9bc6-0cf800f66c0f
NABARD-P1-QUANTITATIVE-APTITUDE-2022-EVENING,QA-2022-Q072,813aab52-af21-4778-9437-7b897d7b682c
NABARD-P1-QUANTITATIVE-APTITUDE-2022-EVENING,QA-2022-Q074,c6835631-66c1-4156-af74-565f7b022ecd
NABARD-P1-QUANTITATIVE-APTITUDE-2022-EVENING,QA-2022-Q071,708b2bf7-60c4-4b11-899d-688066b24e9a
NABARD-P1-QUANTITATIVE-APTITUDE-2022-EVENING,QA-2022-Q073,e6dc8e13-d857-42c9-8686-ff5587baf8e3
NABARD-P1-QUANTITATIVE-APTITUDE-2022-EVENING,QA-2022-Q075,b6d11db0-5a68-49a9-8d51-5263358d7240
NABARD-P1-QUANTITATIVE-APTITUDE-2022-EVENING,QA-2022-Q076,9c98c0d4-14da-48a4-9a24-e69b7352253d
NABARD-P1-QUANTITATIVE-APTITUDE-2022-EVENING,QA-2022-Q078,7016433c-b4ce-4d32-acbe-954da6d2b3c6
NABARD-P1-QUANTITATIVE-APTITUDE-2022-EVENING,QA-2022-Q077,fde1f95e-c97e-47c3-ad7e-aec70401c8a8
NABARD-P1-QUANTITATIVE-APTITUDE-2022-EVENING,QA-2022-Q079,9496ccbf-8036-4a22-a70a-3980a4f46ab9
NABARD-P1-QUANTITATIVE-APTITUDE-2022-EVENING,QA-2022-Q080,99653696-9a26-4c67-93f0-0beecbea7119
NABARD-P1-QUANTITATIVE-APTITUDE-2022-EVENING,QA-2022-Q081,01c85464-8539-4ff7-b69b-0814a17b7aeb
NABARD-P1-QUANTITATIVE-APTITUDE-2022-EVENING,QA-2022-Q083,e59e89dd-0dd0-4319-88bb-9064b4b3c365
NABARD-P1-QUANTITATIVE-APTITUDE-2022-EVENING,QA-2022-Q085,a82a342a-7b3e-492a-948e-6b98e69c5ba3
NABARD-P1-QUANTITATIVE-APTITUDE-2022-EVENING,QA-2022-Q087,e90fd5b4-f30e-479e-95bc-643476631470
NABARD-P1-QUANTITATIVE-APTITUDE-2022-EVENING,QA-2022-Q089,b2c1a7cf-115c-432c-8506-3f13a8232fe3
NABARD-P1-QUANTITATIVE-APTITUDE-2022-EVENING,QA-2022-Q082,f2bb0b09-d96d-4655-a067-3797cf785df0
NABARD-P1-QUANTITATIVE-APTITUDE-2022-EVENING,QA-2022-Q084,6c3700e1-d057-4e5f-b599-f67b2cbdd334
NABARD-P1-QUANTITATIVE-APTITUDE-2022-EVENING,QA-2022-Q086,0716785d-9937-4012-9bb4-64da0b2d51c6
NABARD-P1-QUANTITATIVE-APTITUDE-2022-EVENING,QA-2022-Q088,344d62ba-6590-4de6-9ec5-22d078a838d6
NABARD-P1-QUANTITATIVE-APTITUDE-2022-EVENING,QA-2022-Q090,d200563a-843e-4356-a123-6777916b23ca
NABARD-P1-ESI-2020,ESI-2020-Q131,19c292a4-abb8-459a-8315-a90ef06151be
NABARD-P1-ESI-2020,ESI-2020-Q121,afa131b2-051a-474d-986a-d8d0e2c98588
NABARD-P1-ESI-2020,ESI-2020-Q123,556ae734-dcf8-48db-ad06-be6a3cd55c09
NABARD-P1-ESI-2020,ESI-2020-Q125,5fd5c9a3-cde7-47e6-bb2e-5a14ef2cfa49
NABARD-P1-ESI-2020,ESI-2020-Q127,ff21ebba-7840-429a-bb41-d0457a8eaa04
NABARD-P1-ESI-2020,ESI-2020-Q129,107a950f-10c5-4762-8c3e-a682f809f584
NABARD-P1-ESI-2020,ESI-2020-Q133,c1a57f42-8b2a-498f-9b1f-681c33398650
NABARD-P1-ESI-2020,ESI-2020-Q135,92320eff-c511-4a9f-b7ec-2b78b9b9a61b
NABARD-P1-ESI-2020,ESI-2020-Q137,2d9edd80-40c3-4759-8eb3-8fc1d3142f52
NABARD-P1-ESI-2020,ESI-2020-Q139,57f4fa86-03ba-4f27-9afb-3b4b6488dc71
NABARD-P1-ESI-2020,ESI-2020-Q141,0864929c-a0cd-4d77-89ca-6906ef8c6526
NABARD-P1-ESI-2020,ESI-2020-Q143,7cddf526-5adf-4b7a-bba1-2db5683d767d
NABARD-P1-ESI-2020,ESI-2020-Q145,d53c7136-05d1-4c0d-846d-214dba33abf1
NABARD-P1-ESI-2020,ESI-2020-Q147,c8cb836e-21fd-4394-be0a-13488fed8a1a
NABARD-P1-ESI-2020,ESI-2020-Q122,2051c769-6b27-458e-8084-1411297d3fd4
NABARD-P1-ESI-2020,ESI-2020-Q124,11880977-b0f5-4618-a7c9-a842f5e7a191
NABARD-P1-ESI-2020,ESI-2020-Q126,f3c609c5-a36c-4871-90aa-3bb6aa31c1cb
NABARD-P1-ESI-2020,ESI-2020-Q128,db9ecf70-aa41-470d-ba1a-d9041a813926
NABARD-P1-ESI-2020,ESI-2020-Q130,60961996-b375-4701-bad8-dd928721a2ff
NABARD-P1-ESI-2020,ESI-2020-Q132,774e2059-7611-4313-be15-494b71f18dc8
NABARD-P1-ESI-2020,ESI-2020-Q134,911a9609-d9fb-447f-b1d2-1bea69c7b894
NABARD-P1-ESI-2020,ESI-2020-Q136,6ce359ac-3115-4236-803c-cf750d5e9f27
NABARD-P1-ESI-2020,ESI-2020-Q138,b1475e9c-6c0a-4b1e-82e4-027cbd22761c
NABARD-P1-ESI-2020,ESI-2020-Q140,e52f2c25-fee1-4224-a651-71207fe67550
NABARD-P1-ESI-2020,ESI-2020-Q142,9b34370e-166a-4b8a-83f7-d446af3be5f9
NABARD-P1-ESI-2020,ESI-2020-Q144,5a511723-84ee-443a-bbd6-c14ae85ff439
NABARD-P1-ESI-2020,ESI-2020-Q146,3ee4280f-482e-4b01-921f-3caa37cf2959
NABARD-P1-ESI-2020,ESI-2020-Q148,fbb664dd-649d-4def-a3d4-c047d8990106
NABARD-P1-ESI-2020,ESI-2020-Q150,966e6149-d505-4b09-9105-aef5843511c4
NABARD-P1-ESI-2020,ESI-2020-Q149,13371f15-7550-4556-9e6b-ba1e138c6234
NABARD-P1-ESI-2020,ESI-2020-Q151,f246bd20-e6f6-40a9-8643-ba3f5764fe18
NABARD-P1-ESI-2020,ESI-2020-Q153,e0e88505-a5f0-4880-aef9-78de3c5e3d4b
NABARD-P1-ESI-2020,ESI-2020-Q155,aad9a872-86fb-4c83-af2d-51bb409e389b
NABARD-P1-ESI-2020,ESI-2020-Q157,309556c3-d4e8-4780-97fe-0ce08bfc0df1
NABARD-P1-ESI-2020,ESI-2020-Q159,cd91087b-1058-4374-b67e-73a730a2a52b
NABARD-P1-ESI-2020,ESI-2020-Q152,8e199bbe-662e-43db-a8f9-828a29cd18ae
NABARD-P1-ESI-2020,ESI-2020-Q154,7c2b4f60-7f20-492e-9d16-5a38b38b78dd
NABARD-P1-ESI-2020,ESI-2020-Q156,54409308-7d7f-4739-94d5-90aaf0c3da8a
NABARD-P1-ESI-2020,ESI-2020-Q158,9adce4a6-d8b3-4c1b-b3dd-a238f68ed665
NABARD-P1-ESI-2020,ESI-2020-Q160,c58a20bc-174a-4119-8793-b590a075efd0
NABARD-P1-ARD-2020,ARD-2020-Q162,72ef27b4-8f27-473d-9d27-48855f14ed79
NABARD-P1-ARD-2020,ARD-2020-Q164,647e51ad-80c7-4458-a50c-734516fe6c9d
NABARD-P1-ARD-2020,ARD-2020-Q166,cc5ec8ad-3599-4168-b054-3fa844ca96c9
NABARD-P1-ARD-2020,ARD-2020-Q168,89e72822-de7a-4f18-9e33-b5731108bd04
NABARD-P1-ARD-2020,ARD-2020-Q170,9fe79a43-9b87-4364-832d-fc423a6cbc55
NABARD-P1-ARD-2020,ARD-2020-Q172,60850d8e-b542-45c1-b356-6c94a0a09ec7
NABARD-P1-ARD-2020,ARD-2020-Q174,e8f914d6-200f-442f-9d70-eccd2c0b4a5a
NABARD-P1-ARD-2020,ARD-2020-Q176,f207d9ac-e716-44d3-8f6c-1daf8d89653b
NABARD-P1-ARD-2020,ARD-2020-Q178,22a25d2d-5997-4dc9-be22-8272d4affbcb
NABARD-P1-ARD-2020,ARD-2020-Q180,9d89df93-da5a-4b72-a8be-f2e9dbff5c73
NABARD-P1-ARD-2020,ARD-2020-Q161,f66c3f4d-ca81-4916-9e41-f481f2e3ba97
NABARD-P1-ARD-2020,ARD-2020-Q163,3c59a40d-7273-4466-b185-5b9666ec0d38
NABARD-P1-ARD-2020,ARD-2020-Q165,23e4a626-a7b1-46f5-b864-cea0e96a781e
NABARD-P1-ARD-2020,ARD-2020-Q167,d957f590-28da-4231-9c9a-ff8a826b07c3
NABARD-P1-ARD-2020,ARD-2020-Q169,eb09121b-793e-4848-9af1-710798bf3cd3
NABARD-P1-ARD-2020,ARD-2020-Q171,d3999a7d-af21-4afa-995f-35211317e138
NABARD-P1-ARD-2020,ARD-2020-Q173,8f79aaff-63b0-4050-911e-6e39c476a2b5
NABARD-P1-ARD-2020,ARD-2020-Q175,057eb4d0-2aa9-4021-a3ff-d2d64b35fb67
NABARD-P1-ARD-2020,ARD-2020-Q177,2e51f451-d912-4101-aefa-b2e857c5afd6
NABARD-P1-ARD-2020,ARD-2020-Q179,f444761d-6374-4254-8f22-92678eedb30b
NABARD-P1-ARD-2020,ARD-2020-Q181,350b7c28-565d-4355-ba0f-819066c00173
NABARD-P1-ARD-2020,ARD-2020-Q183,0f22fe7a-e639-47cc-b2ad-7b84b228507b
NABARD-P1-ARD-2020,ARD-2020-Q185,6f73b098-5439-44b1-82cc-fafff39f8072
NABARD-P1-ARD-2020,ARD-2020-Q187,903b8143-3826-4622-9157-43f561ebeb7f
NABARD-P1-ARD-2020,ARD-2020-Q189,6ebb0db7-c97a-4d79-92ae-d06e7c0fc508
NABARD-P1-ARD-2020,ARD-2020-Q191,dbcb7c90-4bff-45da-9e89-db3c6a401370
NABARD-P1-ARD-2020,ARD-2020-Q182,97fa0c99-06fa-42c2-b505-613a7a1acaec
NABARD-P1-ARD-2020,ARD-2020-Q184,561470d2-f8ff-4212-98fc-73b051a4807d
NABARD-P1-ARD-2020,ARD-2020-Q186,9e2c81e5-5f78-4ff0-bfb1-1e8176f02d5f
NABARD-P1-ARD-2020,ARD-2020-Q188,130c89d8-999b-4654-9a96-11ff7a9db0f3
NABARD-P1-ARD-2020,ARD-2020-Q190,577df12f-8c43-4092-a548-4d230c0daed6
NABARD-P1-ARD-2020,ARD-2020-Q192,d3d02061-4f32-4a21-afb7-90bbf5ba23d7
NABARD-P1-ARD-2020,ARD-2020-Q193,6e58f6f2-de7b-465c-8c49-705348dc5174
NABARD-P1-ARD-2020,ARD-2020-Q195,4e2e23a8-4910-46df-a42c-e038cf635136
NABARD-P1-ARD-2020,ARD-2020-Q197,877f7c60-33e0-4304-8228-997077fa4b98
NABARD-P1-ARD-2020,ARD-2020-Q199,0e6936d4-0c33-4156-86c7-77b861ab2736
NABARD-P1-ARD-2020,ARD-2020-Q194,4cd1fa37-a007-4343-bc43-f4d51b71e300
NABARD-P1-ARD-2020,ARD-2020-Q196,03e7a791-1584-456f-81de-852005e7d5e5
NABARD-P1-ARD-2020,ARD-2020-Q198,a024edec-fe0a-48bb-b46f-0fb70db780e5
NABARD-P1-ARD-2020,ARD-2020-Q200,6c6d3290-2279-4e2c-a853-49f6917ddb7f
NABARD-P2-ARD-2020,ARD-2020-Q002,d94043e9-7378-4df9-b04a-0040948ee376
NABARD-P2-ARD-2020,ARD-2020-Q004,387f4613-3055-4110-892f-02786bd03782
NABARD-P2-ARD-2020,ARD-2020-Q006,2eb6a5eb-18d2-48b1-8857-7b61183c487d
NABARD-P2-ARD-2020,ARD-2020-Q008,cded986c-43c8-4be9-906f-b14c9f1c19d0
NABARD-P2-ARD-2020,ARD-2020-Q010,336bf21b-6201-49e2-b33b-1e76fd0e0601
NABARD-P2-ARD-2020,ARD-2020-Q012,cb98b623-c208-4efc-8235-54075f5239fa
NABARD-P2-ARD-2020,ARD-2020-Q014,953d413b-2af4-44f8-9a9c-e916e76838ae
NABARD-P2-ARD-2020,ARD-2020-Q001,f7f428aa-ebf8-4af7-b9bf-12cfbb57be85
NABARD-P2-ARD-2020,ARD-2020-Q003,e691e15f-1050-456a-8c02-81a653e1448b
NABARD-P2-ARD-2020,ARD-2020-Q005,94a4413a-cbe5-4b31-abc0-cc4f512c5310
NABARD-P2-ARD-2020,ARD-2020-Q007,f325ef63-e37c-4586-8049-3b1b1fbcafa6
NABARD-P2-ARD-2020,ARD-2020-Q009,40e3ea33-421f-4749-bbe6-1c0943bae764
NABARD-P2-ARD-2020,ARD-2020-Q011,12a43f9a-cbdc-470f-9ad1-81bf1215fcd3
NABARD-P2-ARD-2020,ARD-2020-Q013,efb8b3a9-f6f0-4c18-9480-bd06519a2bdd
NABARD-P2-ARD-2020,ARD-2020-Q015,11565e98-3865-4c57-9807-f73580b564d5
NABARD-P2-ARD-2020,ARD-2020-Q017,efce24c4-16ac-4fc0-b215-fd42841a29ba
NABARD-P2-ARD-2020,ARD-2020-Q019,fc6e9cfb-da2e-4904-8919-e013a2663e5a
NABARD-P2-ARD-2020,ARD-2020-Q021,582a5581-b68c-4b48-8665-a17dfe23ba20
NABARD-P2-ARD-2020,ARD-2020-Q023,1f836f35-8c75-4955-8f8f-4f667bb77332
NABARD-P2-ARD-2020,ARD-2020-Q025,db98a507-42e8-4da6-9a9a-396f5fd38a37
NABARD-P2-ARD-2020,ARD-2020-Q027,13195641-27a5-41ad-a92b-4fe0b3eb2cee
NABARD-P2-ARD-2020,ARD-2020-Q016,05cdbb35-80b7-428f-b7ba-b00608b73aec
NABARD-P2-ARD-2020,ARD-2020-Q018,f3a9df8d-7f09-4a41-b6fc-abca242e2e43
NABARD-P2-ARD-2020,ARD-2020-Q020,b8d5edbc-2b9e-4cef-928d-357d8ef1a27f
NABARD-P2-ARD-2020,ARD-2020-Q022,83d8e21d-7a7b-4869-8153-93c165babf38
NABARD-P2-ARD-2020,ARD-2020-Q024,d877df4c-bdc8-499f-8df2-01ec71a531d3
NABARD-P2-ARD-2020,ARD-2020-Q026,3afe7121-8642-4049-9c3a-ec483818fee5
NABARD-P2-ARD-2020,ARD-2020-Q028,a40ebc75-4bdc-4c67-8743-8a23af38394c
NABARD-P2-ARD-2020,ARD-2020-Q029,4345d458-c450-4232-bfe0-852a7551c404
NABARD-P2-ARD-2020,ARD-2020-Q030,87687b7e-13dc-41d7-976b-805da490d6e9
NABARD-P2-ARD-2022,ARD-2022-Q001,ce0635d6-758b-4320-af89-7d6dcde9d139
NABARD-P2-ARD-2022,ARD-2022-Q003,6a5d591e-0c7a-44a9-8e42-1d17c805efef
NABARD-P2-ARD-2022,ARD-2022-Q005,d1cdc61c-81c8-495f-9ecc-3c7674dc24fb
NABARD-P2-ARD-2022,ARD-2022-Q007,4c8e094c-dbc6-4343-85b7-d61b4e4a89cd
NABARD-P2-ARD-2022,ARD-2022-Q009,9d95eb99-0002-4161-aaee-ad0f87b620db
NABARD-P2-ARD-2022,ARD-2022-Q011,bf517f7a-4744-41f2-9930-5d6a2e9db512
NABARD-P2-ARD-2022,ARD-2022-Q013,370c2d1a-cef5-4af7-badc-357dd519ce0a
NABARD-P2-ARD-2022,ARD-2022-Q015,c48b8dd5-a852-45a1-98d9-b28a2568fcfc
NABARD-P2-ARD-2022,ARD-2022-Q002,2dfc4cc6-8032-4d6f-824f-90ddab5e2f36
NABARD-P2-ARD-2022,ARD-2022-Q004,174a540c-0e38-4d55-b197-e9261161a1f1
NABARD-P2-ARD-2022,ARD-2022-Q006,d6aea732-d3f1-4b66-927a-0726fb99e654
NABARD-P2-ARD-2022,ARD-2022-Q008,bbe528a9-650f-4a50-bc64-de8e047c7a93
NABARD-P2-ARD-2022,ARD-2022-Q010,78a98984-690d-49d9-97eb-1badd69d11f4
NABARD-P2-ARD-2022,ARD-2022-Q012,48659f24-6249-4b2a-b326-426faa312885
NABARD-P2-ARD-2022,ARD-2022-Q014,c76829a9-2dc3-434f-959d-a3c8700cc695
NABARD-P1-ESI-2022-MORNING,ESI-2022-Q121,2f68372a-56d0-4976-b6d4-fa044b586161
NABARD-P1-ESI-2022-MORNING,ESI-2022-Q122,6c559c20-e6c7-42af-b048-dcd12008ab8c
NABARD-P1-ESI-2022-MORNING,ESI-2022-Q124,beb3dddc-5363-41d0-914a-68ff768f4354
NABARD-P1-ESI-2022-MORNING,ESI-2022-Q126,d0181606-c35f-40c0-a4d8-b0a7a2777bd5
NABARD-P1-ESI-2022-MORNING,ESI-2022-Q128,8c934632-9cb8-465e-868c-3b52a32ebd93
NABARD-P1-ESI-2022-MORNING,ESI-2022-Q130,58e2e1c7-44b8-4367-950b-7c4241c68247
NABARD-P1-ESI-2022-MORNING,ESI-2022-Q123,325a1a0b-9eee-4bfc-8bb4-a6f9cff62016
NABARD-P1-ESI-2022-MORNING,ESI-2022-Q125,bac04390-a785-4904-9484-1c0135b891e6
NABARD-P1-ESI-2022-MORNING,ESI-2022-Q127,1935173a-756c-40e6-a2a7-d3ead347fa79
NABARD-P1-ESI-2022-MORNING,ESI-2022-Q129,a4f3a4cc-255c-47ce-8fdd-d17455f90e8d
NABARD-P1-ESI-2022-MORNING,ESI-2022-Q131,53992ff9-cbde-42a6-a24d-8ac7e4e7e9de
NABARD-P1-ESI-2022-MORNING,ESI-2022-Q133,e22e8f40-c8f0-45d5-b88a-3e2986ac5339
NABARD-P1-ESI-2022-MORNING,ESI-2022-Q132,2611394c-e3a0-4359-8b99-d1612a97dc4c
NABARD-P1-ESI-2022-MORNING,ESI-2022-Q134,1aa6d09a-1f25-426c-ae20-cd3e90db667f
NABARD-P1-ESI-2022-MORNING,ESI-2022-Q136,5ba58e83-4502-479b-b0f8-bd6c9903bd74
NABARD-P1-ESI-2022-MORNING,ESI-2022-Q138,397d18e7-95fa-4c7a-b376-72ca8257980b
NABARD-P1-ESI-2022-MORNING,ESI-2022-Q140,858c8bc0-ca98-4c81-bfe0-a655250a2abb
NABARD-P1-ESI-2022-MORNING,ESI-2022-Q142,3ce7760a-1b99-4222-a582-8c709a01765c
NABARD-P1-ESI-2022-MORNING,ESI-2022-Q144,43483e4c-09ae-4fd0-aab7-5448aac97a4d
NABARD-P1-ESI-2022-MORNING,ESI-2022-Q146,7c3fff20-2241-4232-8bb4-f15d8a74fc57
NABARD-P1-ESI-2022-MORNING,ESI-2022-Q148,c1cc764b-0fde-41d2-8af7-427a0f0355b4
NABARD-P1-ESI-2022-MORNING,ESI-2022-Q150,061d3fa0-d3dc-4fba-8639-ea6d20971006
NABARD-P1-ESI-2022-MORNING,ESI-2022-Q152,3d8f328c-06f8-47c8-9606-0696cc4de397
NABARD-P1-ESI-2022-MORNING,ESI-2022-Q154,3cce30b9-cd07-4bb9-8c5b-fb3e8009fa06
NABARD-P1-ESI-2022-MORNING,ESI-2022-Q135,c7adc2fc-ae0f-41f0-91b4-b3395de0c4eb
NABARD-P1-ESI-2022-MORNING,ESI-2022-Q137,b5deb337-b66c-4380-875f-0d029ec7fae8
NABARD-P1-ESI-2022-MORNING,ESI-2022-Q139,566fd9c5-20e7-43ef-b1f3-8ee4aca10784
NABARD-P1-ESI-2022-MORNING,ESI-2022-Q141,e453d92f-1e0a-4a3a-8f85-a4f82af69c91
NABARD-P1-ESI-2022-MORNING,ESI-2022-Q143,d446d989-14d0-4fcc-ba92-213ece5bae3a
NABARD-P1-ESI-2022-MORNING,ESI-2022-Q145,913b28a4-f13c-4366-8a91-565a1ba380d2
NABARD-P1-ESI-2022-MORNING,ESI-2022-Q147,a5cd1644-472c-42ee-a215-1105e0d5e705
NABARD-P1-ESI-2022-MORNING,ESI-2022-Q149,e8abf785-e5e5-47ad-b176-481877df3b6a
NABARD-P1-ESI-2022-MORNING,ESI-2022-Q151,58b9fb7e-e4e6-44cd-8fd0-e0c8ef02cbc8
NABARD-P1-ESI-2022-MORNING,ESI-2022-Q153,92a097dc-eff5-4a10-8a30-20a8c7543258
NABARD-P1-ESI-2022-MORNING,ESI-2022-Q155,450c15ac-eb17-495a-ab70-e358d6980253
NABARD-P1-ESI-2022-MORNING,ESI-2022-Q157,e26503ca-d06c-4a6e-97d6-1fd757cc31af
NABARD-P1-ESI-2022-MORNING,ESI-2022-Q159,19ba1c5e-3407-4353-8788-c7601da08931
NABARD-P1-ESI-2022-MORNING,ESI-2022-Q156,2e29ba7e-b5d8-443b-a25a-a7860a327eda
NABARD-P1-ESI-2022-MORNING,ESI-2022-Q158,285a1ac6-9958-47d8-b396-ac5f2dc58cbb
NABARD-P1-ESI-2022-MORNING,ESI-2022-Q160,44a89a31-9dde-4f3c-98c9-2abcc3e92e6b
NABARD-P1-ESI-2022-EVENING,ESI-2022-Q122,5f5c086b-e8a3-46df-afef-097898622ecb
NABARD-P1-ESI-2022-EVENING,ESI-2022-Q124,f3f7c40e-fe1a-4a2f-b775-b5a4a1a513b8
NABARD-P1-ESI-2022-EVENING,ESI-2022-Q126,ba6f2ed9-77ef-4ac0-8d3c-4ec8b2ad2edd
NABARD-P1-ESI-2022-EVENING,ESI-2022-Q128,19e41c00-e9f4-4a00-a486-73b3334de013
NABARD-P1-ESI-2022-EVENING,ESI-2022-Q130,1cfdfae3-1e4f-4d2e-af08-f035d8c65b0c
NABARD-P1-ESI-2022-EVENING,ESI-2022-Q132,1d7c186c-22a1-4d7b-a3d7-ee41b56b4bd2
NABARD-P1-ESI-2022-EVENING,ESI-2022-Q134,a8b13b0a-ec88-4662-bb01-54885f915ebb
NABARD-P1-ESI-2022-EVENING,ESI-2022-Q136,cc55fc9c-c2a2-4fe5-aad7-86690af71d70
NABARD-P1-ESI-2022-EVENING,ESI-2022-Q138,28d73946-6a98-4cf8-aece-ea9bba87a9d9
NABARD-P1-ESI-2022-EVENING,ESI-2022-Q152,92aae420-ba33-4ca9-8153-89eed57b5e37
NABARD-P1-ESI-2022-EVENING,ESI-2022-Q121,f9c79a76-76e8-4f48-8b89-76ba74e73428
NABARD-P1-ESI-2022-EVENING,ESI-2022-Q123,07ac7e36-38df-4a70-a2a2-79993f0ba803
NABARD-P1-ESI-2022-EVENING,ESI-2022-Q125,3e8f241b-a978-4610-97bb-5c281d353479
NABARD-P1-ESI-2022-EVENING,ESI-2022-Q127,21e870a6-680d-4643-a495-5c2c8c993f52
NABARD-P1-ESI-2022-EVENING,ESI-2022-Q129,d73ae1ad-25dc-4e57-a064-faff3304783f
NABARD-P1-ESI-2022-EVENING,ESI-2022-Q131,d964d553-36c0-422c-bf6e-dd7329c9b172
NABARD-P1-ESI-2022-EVENING,ESI-2022-Q133,3035a04e-935b-458b-a36d-bf5afbb3ba04
NABARD-P1-ESI-2022-EVENING,ESI-2022-Q135,f1b1ab66-ecc7-4f83-af31-a24e68155765
NABARD-P1-ESI-2022-EVENING,ESI-2022-Q137,b8cab562-7225-42c3-8830-2d50e0d86b76
NABARD-P1-ESI-2022-EVENING,ESI-2022-Q139,254a468b-60d1-484b-b1ef-fc0db62c8664
NABARD-P1-ESI-2022-EVENING,ESI-2022-Q141,db04c68f-c14f-4a7e-8c8a-d6589e9c6ca1
NABARD-P1-ESI-2022-EVENING,ESI-2022-Q143,5b7a623b-c1e6-4f26-9c36-6a3e50da7e37
NABARD-P1-ESI-2022-EVENING,ESI-2022-Q145,64d3f9e3-0bf1-40d5-930a-175bc5196c9a
NABARD-P1-ESI-2022-EVENING,ESI-2022-Q147,794e4c73-efeb-4cda-a01f-68e25b4dbd56
NABARD-P1-ESI-2022-EVENING,ESI-2022-Q149,4540717f-923d-45df-bf1c-3db114518f34
NABARD-P1-ESI-2022-EVENING,ESI-2022-Q140,955397b5-f06b-4372-8a02-e874c5327df0
NABARD-P1-ESI-2022-EVENING,ESI-2022-Q142,a485e69c-9018-4187-88a2-e07bd0817d4e
NABARD-P1-ESI-2022-EVENING,ESI-2022-Q144,1c30c585-ac41-4de6-8bcd-507ec4e2d721
NABARD-P1-ESI-2022-EVENING,ESI-2022-Q146,9192413a-ac43-4704-b725-d70dab5db42a
NABARD-P1-ESI-2022-EVENING,ESI-2022-Q148,f5db7b41-b769-47ba-bd9e-855869fa3669
NABARD-P1-ESI-2022-EVENING,ESI-2022-Q150,cb3dcc3c-daed-4108-bf03-5a5050a54bab
NABARD-P1-ESI-2022-EVENING,ESI-2022-Q151,7437894e-64ab-4309-bb92-5738ef412333
NABARD-P1-ESI-2022-EVENING,ESI-2022-Q153,abef70a0-f0eb-4b65-8a5d-6ae5ddc6dbf2
NABARD-P1-ESI-2022-EVENING,ESI-2022-Q155,0db8fc40-e8da-4751-91c0-a42aad991ad1
NABARD-P1-ESI-2022-EVENING,ESI-2022-Q157,106b8b68-4582-4411-b29f-28158482aa25
NABARD-P1-ESI-2022-EVENING,ESI-2022-Q159,4b8e65aa-3b1f-436a-98dd-b1b15d37e7de
NABARD-P1-ESI-2022-EVENING,ESI-2022-Q154,6efab894-4b4d-4afe-8234-20514240ff92
NABARD-P1-ESI-2022-EVENING,ESI-2022-Q156,43045bc5-7f09-49f3-9598-cdac2b3aeeb3
NABARD-P1-ESI-2022-EVENING,ESI-2022-Q158,a6309ee5-ea35-429f-9955-b52dbe9b9074
NABARD-P1-ESI-2022-EVENING,ESI-2022-Q160,9fbcbfe5-5b73-46b8-9af9-4c414bce78bd
NABARD-P1-ARD-2022-MORNING,ARD-2022-Q162,cb83c5ea-abe5-488a-ab4f-9218f9211e1a
NABARD-P1-ARD-2022-MORNING,ARD-2022-Q164,6b7bc0f7-13e2-4f58-b177-03d9b46e6600
NABARD-P1-ARD-2022-MORNING,ARD-2022-Q166,8199829c-b756-4486-b786-a8b9ca08bd42
NABARD-P1-ARD-2022-MORNING,ARD-2022-Q168,a6bd1964-7765-4e82-918b-75228d4a089b
NABARD-P1-ARD-2022-MORNING,ARD-2022-Q170,be8f3a69-33de-46dc-afd7-7069bd409b5c
NABARD-P1-ARD-2022-MORNING,ARD-2022-Q172,749330fa-b940-4ba3-9cd4-4634cc29caab
NABARD-P1-ARD-2022-MORNING,ARD-2022-Q161,47d28763-1c61-444e-a413-700f63681a1b
NABARD-P1-ARD-2022-MORNING,ARD-2022-Q163,b6626ba5-e957-4df1-b803-1a847303d61c
NABARD-P1-ARD-2022-MORNING,ARD-2022-Q165,019b2fb6-b436-4052-8634-f55f2d85305f
NABARD-P1-ARD-2022-MORNING,ARD-2022-Q167,343646e5-e2de-4fad-9f2c-00651f478ea7
NABARD-P1-ARD-2022-MORNING,ARD-2022-Q169,fcf10b52-1cff-4733-94ff-b1608f820981
NABARD-P1-ARD-2022-MORNING,ARD-2022-Q171,ce8da7b8-0ee0-48a9-b07f-d1246328a7e2
NABARD-P1-ARD-2022-MORNING,ARD-2022-Q173,510cbf36-ba3d-4d34-a166-25403eefe430
NABARD-P1-ARD-2022-MORNING,ARD-2022-Q175,93866b0d-0355-4f21-ab1b-aee7db615d2b
NABARD-P1-ARD-2022-MORNING,ARD-2022-Q174,2d9e5c55-9145-4f03-99b2-e8748bfa6794
NABARD-P1-ARD-2022-MORNING,ARD-2022-Q176,38dc4c90-4d08-471e-b5ce-74bf04c3983e
NABARD-P1-ARD-2022-MORNING,ARD-2022-Q178,f199b132-73ab-4cb4-b12e-02e516918e0a
NABARD-P1-ARD-2022-MORNING,ARD-2022-Q180,fc803fcb-cf78-4c22-bc5b-7d0273842621
NABARD-P1-ARD-2022-MORNING,ARD-2022-Q182,3cd358e3-a7a4-439e-932b-a0f3e8277b03
NABARD-P1-ARD-2022-MORNING,ARD-2022-Q184,1da51ded-ca79-4bd0-aaa4-03f6bbf965a2
NABARD-P1-ARD-2022-MORNING,ARD-2022-Q186,03c7957c-815c-453d-9b5c-162140b43e08
NABARD-P1-ARD-2022-MORNING,ARD-2022-Q188,0613a36a-4f07-45cc-934e-b33e72e3c24b
NABARD-P1-ARD-2022-MORNING,ARD-2022-Q190,19c8fa6a-07e2-44fc-91d9-5d85d254c2c6
NABARD-P1-ARD-2022-MORNING,ARD-2022-Q192,4574b558-4285-4781-aa6d-32b5fdf1a4ea
NABARD-P1-ARD-2022-MORNING,ARD-2022-Q194,1280c1c4-dcd0-4b9b-8400-b1891c7d9f5a
NABARD-P1-ARD-2022-MORNING,ARD-2022-Q196,ed5211f2-55ef-4e9a-9f92-a435641006dd
NABARD-P1-ARD-2022-MORNING,ARD-2022-Q198,706a3a71-bd03-40cd-8f63-14572305f9d7
NABARD-P1-ARD-2022-MORNING,ARD-2022-Q200,e87c2ebf-7a44-4b8d-937d-e67d21b788f2
NABARD-P1-ARD-2022-MORNING,ARD-2022-Q177,73b6dd57-edf9-4534-9c0d-525ae2794f97
NABARD-P1-ARD-2022-MORNING,ARD-2022-Q179,0c8be23a-6eb7-4813-8480-65688a401fce
NABARD-P1-ARD-2022-MORNING,ARD-2022-Q181,a7313195-da95-4324-be2b-81c40060373a
NABARD-P1-ARD-2022-MORNING,ARD-2022-Q183,224447a8-4a6a-4c57-8e2d-9d64d10f4a7e
NABARD-P1-ARD-2022-MORNING,ARD-2022-Q185,5b41a9cd-c95e-42e0-b0ec-966976045216
NABARD-P1-ARD-2022-MORNING,ARD-2022-Q187,b38410e2-bc79-4631-bf18-aea6ade0d163
NABARD-P1-ARD-2022-MORNING,ARD-2022-Q189,18406b29-ae78-4f06-8613-0f2d7dbbb563
NABARD-P1-ARD-2022-MORNING,ARD-2022-Q191,addb388f-35de-4804-922b-0a5e19edcb04
NABARD-P1-ARD-2022-MORNING,ARD-2022-Q193,41b95452-90ca-485b-9801-4f4a47cba147
NABARD-P1-ARD-2022-MORNING,ARD-2022-Q195,0dec7b2b-c4da-4283-b16d-594bb7211e41
NABARD-P1-ARD-2022-MORNING,ARD-2022-Q197,434b015e-99e7-45f8-b11c-49de5540da4c
NABARD-P1-ARD-2022-MORNING,ARD-2022-Q199,91a760df-8637-4c5a-97b9-583a73819053
NABARD-P2-ESI-2021,ESI-2021-Q001,cf327aac-a2d0-42c8-9684-778646916a3a
NABARD-P2-ESI-2021,ESI-2021-Q006,a04be00a-2eab-4275-92b3-46077c692101
NABARD-P2-ESI-2021,ESI-2021-Q008,81503a00-bee8-4525-8a5b-79c40b5cd044
NABARD-P2-ESI-2021,ESI-2021-Q010,4ff93830-5926-4f9e-afd4-985f6554b467
NABARD-P2-ESI-2021,ESI-2021-Q005,d0ca825a-3721-4f4b-9e09-8b471aa5a76d
NABARD-P2-ESI-2021,ESI-2021-Q007,bf3471e7-e05e-4c71-84e1-5e53fc748dd4
NABARD-P2-ESI-2021,ESI-2021-Q009,7a62da4b-2ebb-41e8-b4ba-015af96ff9df
NABARD-P2-ESI-2021,ESI-2021-Q011,ab6981db-b3ff-4cf5-a81a-1a35ca57091e
NABARD-P2-ESI-2021,ESI-2021-Q013,c268c1e1-6dfb-4f02-9ff9-991963e1b34b
NABARD-P2-ESI-2021,ESI-2021-Q002,69babdfb-a5d0-4f55-812d-38b379dceed4
NABARD-P2-ESI-2021,ESI-2021-Q004,adca588f-8808-46f3-a0d0-eb1c6242f589
NABARD-P2-ESI-2021,ESI-2021-Q003,4ec3b9ec-c0ca-421b-8e4a-8dd6d0641ef6
NABARD-P2-ESI-2021,ESI-2021-Q012,c8987617-2300-4b11-a5f8-5e0bfa50d54f
NABARD-P2-ESI-2021,ESI-2021-Q014,81155e44-5800-415e-9551-4e517dbf6342
NABARD-P2-ESI-2021,ESI-2021-Q015,2c43841f-02c8-4f33-8632-d9bf27228f39
NABARD-P2-ESI-2022,ESI-2022-Q002,9cbd5fad-59a3-4ce0-8a24-dcdd75fd8ab2
NABARD-P2-ESI-2022,ESI-2022-Q004,3daaf39e-4d0a-4581-8123-6f4a8ae03357
NABARD-P2-ESI-2022,ESI-2022-Q006,dd41e2a6-bc1a-4a46-8141-e7e7ce3d9510
NABARD-P2-ESI-2022,ESI-2022-Q001,fc731514-7a6f-42d9-a29b-5bd99fcf4928
NABARD-P2-ESI-2022,ESI-2022-Q003,76f8e851-bf13-4490-ac74-a7565a7c5aa8
NABARD-P2-ESI-2022,ESI-2022-Q005,b0ee575e-035f-4388-afac-98020185c1f2
NABARD-P2-ESI-2022,ESI-2022-Q007,233f33d3-0921-4a16-993d-ef655a387186
NABARD-P2-ESI-2022,ESI-2022-Q008,54f248d0-3ba1-4011-b8be-d3879bfade0e
NABARD-P2-ESI-2022,ESI-2022-Q010,72adb496-53b0-481c-ba77-3fba18b66b5f
NABARD-P2-ESI-2022,ESI-2022-Q009,6464476b-d48a-4762-9e59-9f21d8a473c8
NABARD-P2-ESI-2022,ESI-2022-Q011,c190bd2e-07df-4d8c-b844-6a2e341811a6
NABARD-P2-ESI-2022,ESI-2022-Q013,7845d052-767a-4a22-be85-eea52b8601b6
NABARD-P2-ESI-2022,ESI-2022-Q015,d5d446c4-7d73-4f7a-b0e3-72cdf112f61c
NABARD-P2-ESI-2022,ESI-2022-Q012,c7d7fe66-e957-4c21-b313-65e9897bedf0
NABARD-P2-ESI-2022,ESI-2022-Q014,009c0338-f2e3-4448-9b10-90d8d3f07d3f
