"row_type","row_id","paper_year","question_number_or_topic_id","text_preview","flags","sample_reason","decision","notes","assign_topic_id","difficulty","stimulus_preview"
"question","000f179a-e88b-438d-98e6-da4f64fe66e3","2024","1","How much government assistance is being provided for the Pradhan Mantri Awas Yojana-Urban (PMAY-U) 2.0?","no_primary_tag","flagged","","","","",""
"question","c03cf54f-6f27-4e8e-a958-f11435df69ef","2024","2","The Pradhan Mantri MUDRA Yojana (PMMY) was launched in 2015 to ignite entrepreneurship, providing collateral-free micro-loans up to Rs 10 la","suspicious_repeat_char;no_primary_tag","flagged","","","","",""
"question","1eac5e45-a56c-4514-bdc4-c2d64bc5b156","2024","3","As per the Union Budget 2024-25, the non-reporting of small movable foreign assets up to ____________ has been de- penalised. Fill the gap","suspicious_repeat_char;no_primary_tag","flagged","","","","",""
"question","e68ee927-612c-4717-b89b-4d1628d8897c","2024","4","What percentage of money can be withdrawn from the National Pension Scheme (NPS) after 3 years?","no_primary_tag","flagged","","","","",""
"question","09bdd252-7913-4235-a3ad-f204400ce21a","2024","5","The Union Budget 2024-25 has proposed to reduce the turnover threshold of buyers for mandatory onboarding on the TReDS platform from Rs 500 ","suspicious_repeat_char;no_primary_tag","flagged","","","","",""
"question","ff22c6f5-286f-4ab9-97e2-aedf24118a15","2024","6","Which Ministry is recognized as the top achiever in the National Monetisation Pipeline for the financial year 2023-24?","no_primary_tag","flagged","","","","",""
"question","206667d0-5750-4ee4-ae1b-80e027ebd0de","2024","7","Which initiative has been launched by the Deendayal Antyodaya Yojana–National Rural Livelihoods Mission (DAY-NRLM) to empower individuals ac","non_ascii_suspect;no_primary_tag","flagged","","","","",""
"question","8723cf3a-e4af-413c-866f-ee2e9fdf3f2d","2024","8","Under Self Reliant India (SRI) Fund of Rs. 50,000 crore, there is a provision of __________ from Government of India and ______________ thro","suspicious_repeat_char;no_primary_tag","flagged","","","","",""
"question","21a031cf-d598-43d6-9700-906c616ff60f","2024","9","What is the share of export of MSME specified products in all India exports (in %) in FY 2023-24?","no_primary_tag","flagged","","","","",""
"question","3a9d6660-e922-4bc5-b390-dac5b922a38f","2024","10","In pursuance of the spirit of ‘Digital India’ and capturing the essence of Minimum Government and Maximum Governance, which single window po","non_ascii_suspect;no_primary_tag","flagged","","","","",""
"question","8b842231-525d-4bfa-84d7-4b939eae8f85","2024","11","Ministry of Food Processing Industries (MoFPI) implements a Scheme for Integrated Cold Chain, Food Processing and Preservation Infrastructur","suspicious_repeat_char;no_primary_tag","flagged","","","","",""
"question","a7298c3c-5b54-4c3c-9a6b-610180a97137","2024","12","Which crops are covered under the Price Support Scheme (PSS) under the umbrella scheme of Pradhan Mantri Annadata Aay SanraksHan Abhiyan’ (P","non_ascii_suspect;no_primary_tag","flagged","","","","",""
"question","07fe7881-ce89-4636-8d7b-70dabff148f2","2024","13","Government is implementing the scheme titled “PM Programme for Restoration, Awareness, Nourishment and Amelioration of Mother Earth (PM-PRAN","non_ascii_suspect;suspicious_repeat_char;no_primary_tag","flagged","","","","",""
"question","1883318d-a7ac-411b-aeaa-534b54780c7a","2024","14","The Government has substantially enhanced the budget allocation of Ministry of Agriculture & Farmers Welfare from Rs. 27,662.67 crore BE dur","suspicious_repeat_char;no_primary_tag","flagged","","","","",""
"question","6c6fabd9-b2b5-403b-8d72-3f5cfb7cdb7e","2024","15","Recently, RBI released the Statement on Developmental and Regulatory Policies. One initiative that RBI took is regarding UPI. UPI (Unified P","no_primary_tag","flagged","","","","",""
"question","d37da05c-2330-413d-aad0-cb8457ad536c","2024","16","India has been included in the JP Morgan Global Bond Index - Emerging Markets. The inclusion process started on June 28, 2024, with a gradua","non_ascii_suspect;no_primary_tag","flagged","","","","",""
"question","e2563c71-a97c-4aeb-8a14-ea9407a8b9a4","2024","17","The Reserve Bank of India’s Financial Inclusion Index (FI-Index) measures the level of financial inclusion across India. As of March 2024, t","non_ascii_suspect;no_primary_tag","flagged","","","","",""
"question","c3b184d4-7376-4b01-b27d-d13ae73fff6a","2024","18","With the introduction of the Goods and Services Tax (GST) in India, various central, state, and local taxes were subsumed into a unified sys","no_primary_tag","flagged","","","","",""
"question","38c4bde8-2363-4753-b7b0-de9f4fffc5f7","2024","19","The Reserve Bank of India’s (RBI) Digital Payments Index (RBI-DPI) is a composite index that measures the extent of digital payments in Indi","non_ascii_suspect;no_primary_tag","flagged","","","","",""
"question","e04c9562-3075-4c29-9562-143eb186c86f","2024","20","A Basic Service Demat Account (BSDA) is just like a normal Demat account that helps investors to hold equity shares/ other securities invest","non_ascii_suspect;suspicious_repeat_char;no_primary_tag","flagged","","","","",""
"question","3c8aefb0-6b1c-4917-86c6-8119831e00ac","2024","21","Trade Receivables e-Discounting System (TReDS) is an electronic platform for facilitating the financing/discounting of trade receivables of ","suspicious_repeat_char;no_primary_tag","flagged","","","","",""
"question","25bf3b60-a3f7-4fd5-b440-799f15c4fa54","2024","22","To control inflationary pressures, the Reserve Bank of India (RBI) undertook a series of monetary policy actions between May 2022 and Februa","no_primary_tag","flagged","","","","",""
"question","aa7f15a2-756d-4e3b-84f4-a446c59cd7ea","2024","23","The Reserve Bank of India (RBI) issued directions on November 15, 2021, requiring certain Non-Banking Financial Companies (NBFCs) to appoint","no_primary_tag","flagged","","","","",""
"question","b64a8b53-b990-4039-9de8-4c09f8451bd9","2024","24","RBI under its Depositor Education and Awareness (DEA) Scheme, mandates all deposit accounts such as savings, current, or fixed deposits, tha","no_primary_tag","flagged","","","","",""
"question","4fc90b0f-6ed7-4354-9010-ad78c0d78f6e","2024","25","As part of its effort to harmonize regulations for Housing Finance Companies (HFCs) with those applicable to Non- Banking Financial Companie","non_ascii_suspect;no_primary_tag","flagged","","","","",""
"question","fe284090-9d9a-4778-b5d7-8077b79b8919","2024","26","In a recent update to its banking regulations, the RBI revised the definition of “bulk deposits” for various banking institutions. Scheduled","non_ascii_suspect;no_primary_tag","flagged","","","","",""
"question","b2a52ab0-82ae-4a9f-8dab-c2236aade5b9","2024","27","The RBI has taken a significant step in modifying its fully accessible route (FAR) for government securities. This decision, aimed at managi","no_primary_tag","flagged","","","","",""
"question","9c570193-9a1e-4cbd-b7b3-681465a46cc8","2024","28","The Reserve Bank of India (RBI) has outlined specific eligibility criteria for Small Finance Banks (SFBs) to transition into Universal Banks","no_primary_tag","flagged","","","","",""
"question","75a85026-bcd3-4129-af8e-f18aa5c654c8","2024","29","The RBI outlined a detailed framework for Self-Regulatory Organizations (SROs) in the FinTech space to ensure proper governance and regulati","non_ascii_suspect;no_primary_tag","flagged","","","","",""
"question","5c3e362e-0dba-4003-958b-ceadce1d9318","2024","30","The Financial Stability Report (FSR) by the RBI often highlights critical measures to strengthen the financial resilience of banks. One such","no_primary_tag","flagged","","","","",""
"question","896c2b31-f466-409b-b800-641be3efc1f0","2024","31","The International Financial Services Centres Authority (IFSCA) plays a pivotal role in regulating financial institutions, financial products","non_ascii_suspect;no_primary_tag","flagged","","","","",""
"question","fbb7d25c-0b56-4599-b422-c45b381efb42","2024","32","According to the RBI’s report on currency and finance 2024, the rise in digital payments has resulted in several significant outcomes. Which","non_ascii_suspect;no_primary_tag","flagged","","","","",""
"question","e0dd0b78-f9d6-405e-87ea-9b10832a9650","2024","33","INFINET, a membership-only Closed User Group (CUG) network, serves as the backbone of the National Payments System, primarily handling inter","non_ascii_suspect;suspicious_repeat_char;no_primary_tag","flagged","","","","",""
"question","bd0aaed2-51ee-40bb-934c-4143bf4f79f9","2024","34","State and Union Territory governments leverage various mechanisms to borrow from the Reserve Bank of India (RBI). Which of the following com","no_primary_tag","flagged","","","","",""
"question","feb37eb8-99d5-4dfa-aa89-74c58233eafe","2024","35","When banks receive deposits from various All-India Financial Institutions (AIFIs) and use them to forward loans, certain deposits are not co","no_primary_tag","flagged","","","","",""
"question","8db74694-48dd-4f21-84a8-e02c0da21137","2024","36","In the regulatory landscape of India’s financial sector, various entities operate under the oversight of different authorities. Among the fo","non_ascii_suspect;no_primary_tag","flagged","","","","",""
"question","da7110b3-e6c4-4818-a774-82aaf5d16e42","2024","37","Which of the following committees is incorrectly matched with its year of establishment?","no_primary_tag","flagged","","","","",""
"question","55094ce0-40a8-4990-9eaf-03ffc2186a32","2024","38","Stock exchanges can now be recognized as Research Analyst Administration and Supervisory Body (RAASB) and Investment Adviser Administration ","no_primary_tag","flagged","","","","",""
"question","cbf8c8e6-eb92-4b50-bcb5-17d4206cf7b6","2024","39","SEBI (Securities and Exchange Board of India) recently proposed tax benefits for companies investing in zero coupons and zero principal bond","suspicious_repeat_char;no_primary_tag","flagged","","","","",""
"question","7fb6efd1-134f-4c24-8dc9-ca288daeb7b2","2024","40","Which of the following is not an instrument of monetary policy?","no_primary_tag","flagged","","","","",""
"question","798d40be-1be7-4acf-8f24-875065255b8c","2024","41","The Insurance Regulatory and Development Authority of India (IRDAI) recently imposed a penalty of Rs.2 crore on which of the following Non-B","no_primary_tag","flagged","","","","",""
"question","639680ba-7e80-4f08-a577-ecd031b9f062","2024","42","The Banking Ombudsman and the Ombudsman Scheme for Digital Transactions play crucial roles in addressing customer grievances in the financia","no_primary_tag","flagged","","","","",""
"question","4f04deeb-e43b-4ab1-aa7a-b598d75d3e61","2024","43","RBI announced its much awaited 3rd global hackathon- ‘HaRBInger 2024- Innovation for Transformation’. The announcement was made by RBI Gover","non_ascii_suspect;no_primary_tag","flagged","","","","",""
"question","1af91cef-9299-4846-8359-82d9dc8c63d2","2024","44","The Certificate of Registration granted to Brickwork Ratings India as a Credit Rating Agency (CRA) was cancelled by market regulator SEBI in","suspicious_repeat_char;no_primary_tag","flagged","","","","",""
"question","0cb19ff4-2eaf-4191-b2a9-ad0ce688bd37","2024","45","Which of the following statements is not a feature of floating rate savings bonds? 1) The interest rate adjusts periodically based on a benc","no_primary_tag","flagged","","","","",""
"question","b61bbbac-da6c-4286-a75f-5a618ca7fd9d","2024","46","SEBI allowed Foreign Portfolio Investors (FPIs) established in GIFT City to accept unlimited investments from Non- Resident Indians (NRIs) a","non_ascii_suspect;suspicious_repeat_char;no_primary_tag","flagged","","","","",""
"question","4a6c88b5-3ae7-4594-84b6-690a3aa7dfb7","2024","47","In response to the persistent challenge of high Non- Performing Assets (NPAs), the government has launched a series of impactful initiatives","no_primary_tag","flagged","","","","",""
"question","043697de-6bf4-4c94-b702-b6da06187ec2","2024","48","The Sovereign Gold Bond Scheme, launched by the Government of India, allows individuals to invest in gold in a secure and non-physical forma","no_primary_tag","flagged","","","","",""
"question","08524ce8-d0a8-47a9-92c0-7f4655ae1e74","2024","49","Mark Rutte, a prominent political figure known for his leadership and influence, has recently been appointed to assume the role of Secretary","no_primary_tag","flagged","","","","",""
"question","0b8b22ff-925a-4d0f-9519-e7897fad65a4","2024","50","The United Nations Framework Convention on Climate Change (UNFCCC) is essential for global climate negotiations, with leadership roles rotat","no_primary_tag","flagged","","","","",""
"question","502ce244-eebd-45d6-873c-07b8e0daec11","2024","51","The field of Generative Artificial Intelligence (Gen AI) has seen significant advancements and innovations, leading to an increase in patent","no_primary_tag","flagged","","","","",""
"question","9bcb0ef0-a3f5-4943-b99f-0df2c20550d0","2024","52","Carlos Alcaraz, a rising star in the world of tennis, has made headlines with his impressive performances in various Grand Slam tournaments.","no_primary_tag","flagged","","","","",""
"question","e9341b3c-8605-4df3-9bbc-a4ddc0d5528e","2024","53","Abhinav Bindra is a celebrated Indian shooter who made history by winning a gold medal in the Olympic Games, marking a significant achieveme","non_ascii_suspect;no_primary_tag","flagged","","","","",""
"question","75db4cef-c2c5-4107-abe7-abc2c9b2058f","2024","54","The Environmental Performance Index (EPI) is an important metric that evaluates countries based on their environmental health and sustainabi","non_ascii_suspect;no_primary_tag","flagged","","","","",""
"question","10af97a2-2afc-49f3-9394-df831d4706cc","2024","55","The Athletics Federation of India (AFI) plays a crucial role in promoting and developing athletics in the country, supporting athletes at va","no_primary_tag","flagged","","","","",""
"question","ebbc4dd1-e619-499d-aa50-57e603aaf3ff","2024","56","India’s role in the G20 has become increasingly significant as the country engages with other major economies to address global challenges s","non_ascii_suspect;no_primary_tag","flagged","","","","",""
"question","b072a614-e11b-43ef-a926-102f8e4f61bb","2024","57","The Global Peace Index (GPI) is an important measure that ranks countries and regions based on their levels of peace, considering factors su","no_primary_tag","flagged","","","","",""
"question","fc5a9390-640e-44c7-9656-3c93bdf37c62","2024","58","India has taken a significant step in international environmental governance by approving the signing of the Biodiversity Beyond National Ju","no_primary_tag","flagged","","","","",""
"question","5ea75317-93e0-45f6-b713-e15661a4ea83","2024","59","Lithium has emerged as a critical resource in the modern world, especially due to its essential role in the production of batteries for elec","no_primary_tag","flagged","","","","",""
"question","5b44f24f-1c7b-4a42-b822-3393a48b648e","2024","60","The International Mathematics Olympiad (IMO) is a prestigious annual event that brings together the brightest young mathematicians from arou","no_primary_tag","flagged","","","","",""
"question","53f4f623-2ab7-46e8-9dfb-efb45ce9d735","2024","61","In the rapidly evolving insurance sector, companies are increasingly leveraging technology to enhance their offerings and improve customer e","non_ascii_suspect;no_primary_tag","flagged","","","","",""
"question","ce005ad8-65c4-4c19-984b-3d3ef073fd23","2024","62","The Aditya L1 spacecraft, launched by the Indian Space Research Organisation (ISRO), is India’s first dedicated mission to study the Sun. Th","non_ascii_suspect;no_primary_tag","flagged","","","","",""
"question","476a1b17-5848-47ba-9a60-c7015b1a2ef6","2024","63","In recent developments, several Members of the Legislative Assembly (MLAs) from Jharkhand and Odisha faced disqualification under the Anti-D","no_primary_tag","flagged","","","","",""
"question","8c723e8f-6790-411a-8249-8b60a512b3ce","2024","64","The Public Examinations (Prevention of Unfair Means) Act is a legislative measure aimed at maintaining the integrity of public examinations ","no_primary_tag","flagged","","","","",""
"question","0b0c9568-a2f0-4dd5-a57f-42866eeb2434","2024","65","The Houthis group has been in the news recently due to their involvement in regional conflicts and their attacks on various targets, includi","non_ascii_suspect;no_primary_tag","flagged","","","","",""
"question","2735f8fd-d4a7-4666-b67d-02cb8992a0d9","2024","66","In the dynamic landscape of entrepreneurship, certain startups show promising potential for rapid growth and market success, leading them to","no_primary_tag","flagged","","","","",""
"question","6e1a77de-bc75-4417-88c8-c6435759514a","2024","67","The Parliament of the United Kingdom is a crucial institution in the country’s governance, responsible for making and passing laws. It opera","non_ascii_suspect;no_primary_tag","flagged","","","","",""
"question","2f3f55fb-f6e3-4a9d-a0bf-ee2749f1dc66","2024","68","The Chief Information Commissioner plays a vital role in promoting transparency and accountability within the Indian government by overseein","no_primary_tag","flagged","","","","",""
"question","4cc1af65-893b-4548-ae4c-af73d2077672","2024","69","The Randstad Employer Brand Research is a comprehensive study that evaluates employer branding and attractiveness in various industries. Thi","no_primary_tag","flagged","","","","",""
"question","1633fb70-e013-4f85-8c9f-ad306f6e63d0","2024","70","The Fast-Moving Consumer Goods (FMCG) sector is a vital part of the global economy, encompassing a wide range of products that are sold quic","no_primary_tag","flagged","","","","",""
"question","ba2458c3-0fa8-4521-bac7-fbd4c2507133","2024","71","The Paris Olympics have garnered significant attention as countries around the world prepare to showcase their athletes in various sports. I","non_ascii_suspect;no_primary_tag","flagged","","","","",""
"question","c156f5f1-1850-4f96-b60b-1ec4a8f82850","2024","72","The International Council on Monuments and Sites (ICOMOS) plays a vital role in promoting the conservation and protection of cultural herita","no_primary_tag","flagged","","","","",""
"question","d699bb86-2cf3-4195-8a66-7b4d2c5faec9","2024","73","In the realm of astronomy, the naming of celestial features is governed by established protocols to ensure consistency and recognition acros","non_ascii_suspect;no_primary_tag","flagged","","","","",""
"question","be6b9e3c-7dbe-4638-b76c-f66406815e0f","2024","74","In the world of sports literature, numerous athletes share their experiences and insights through books that inspire both fans and aspiring ","non_ascii_suspect;no_primary_tag","flagged","","","","",""
"question","c2377279-c3a4-4bce-9fac-ad9fe5bce7e8","2024","75","In a significant development within the banking sector, the Reserve Bank of India (RBI) has approved a merger that will reshape the landscap","no_primary_tag","flagged","","","","",""
"question","b4e1528c-a68c-452c-8e6c-80260a6f03e9","2024","76","The G7 Leaders’ Summit is a significant annual gathering where leaders from seven of the world’s largest advanced economies come together to","non_ascii_suspect;no_primary_tag","flagged","","","","",""
"question","65c278c8-5e09-4b68-80ca-0aa0a5db073a","2024","77","The Reserve Bank of India (RBI) has recently taken a significant step towards enhancing financial connectivity in the region by signing an a","non_ascii_suspect;no_primary_tag","flagged","","","","",""
"question","a3fb5fe1-9d94-4d21-9416-8b696ba1e82c","2024","78","In culinary contexts, particularly when discussing the heat of chili peppers, a specific measurement system is used to quantify pungency or ","no_primary_tag","flagged","","","","",""
"question","1143acaa-b912-4b79-86a0-2fd5dfabf6db","2024","79","During the recent budget presentation, the Union Finance Minister emphasized several key focus areas that are crucial for the economic devel","no_primary_tag","flagged","","","","",""
"question","7141e43d-e2ad-481a-aba5-d0c402af0930","2024","80","In the field of artificial intelligence, accuracy and reliability of information are critical for effective communication and decision-makin","no_primary_tag","flagged","","","","",""
"question","11d2bb4e-2b7d-4709-8b3c-4af3fa742384","2024","81","Read the following passage carefully and answer the questions that follow. The United States and Malaysia have long-standing trade rela- tio","non_ascii_suspect;suspicious_repeat_char;no_primary_tag","flagged","verified","","","easy",""
"question","0e2b483f-5318-4cd1-9b7e-7e2c2c91f0f7","2024","82","Read the following passage carefully and answer the questions that follow. The United States and Malaysia have long-standing trade rela- tio","non_ascii_suspect;suspicious_repeat_char;no_primary_tag","flagged","verified","","","medium",""
"question","e022162f-3f24-442b-b2df-b8ced130cdfb","2024","83","Read the following passage carefully and answer the questions that follow. The United States and Malaysia have long-standing trade rela- tio","non_ascii_suspect;suspicious_repeat_char;no_primary_tag","flagged","verified","","","medium",""
"question","7ff64273-1aaf-44ef-ab33-65687d240cbe","2024","84","Read the following passage carefully and answer the questions that follow. The United States and Malaysia have long-standing trade rela- tio","non_ascii_suspect;suspicious_repeat_char;no_primary_tag","flagged","verified","","","easy",""
"question","1f2eedc8-c1df-47d7-afe3-77506aa97fcc","2024","85","Read the following passage carefully and answer the questions that follow. The United States and Malaysia have long-standing trade rela- tio","non_ascii_suspect;suspicious_repeat_char;no_primary_tag","flagged","verified","","","easy",""
"question","9f0b7b85-afd4-428d-b7bc-fd5c0b2030d3","2024","86","Read the following passage carefully and answer the questions that follow. The United States and Malaysia have long-standing trade rela- tio","non_ascii_suspect;suspicious_repeat_char;no_primary_tag","flagged","verified","","","easy",""
"question","b110899c-521f-487a-bc30-99708cf7a7d5","2024","87","Read the following passage carefully and answer the questions that follow. The United States and Malaysia have long-standing trade rela- tio","non_ascii_suspect;suspicious_repeat_char;no_primary_tag","flagged","verified","","","medium",""
"question","147abf99-1d23-4244-a127-10d747f36463","2024","88","Read the following passage carefully and answer the questions that follow. The United States and Malaysia have long-standing trade rela- tio","non_ascii_suspect;suspicious_repeat_char;no_primary_tag","flagged","verified","","","medium",""
"question","7e7787bf-9c64-4e2f-9759-0d57cf6b957b","2024","89","In the following question, three sentences are provided, each of which may or may not be correct grammatically or contextually. Choose the o","no_primary_tag","flagged","verified","","","medium",""
"question","7cfdeb38-9175-45d2-a296-ac278014edbd","2024","90","In the following question, three sentences are provided, each of which may or may not be correct grammatically or contextually. Choose the o","non_ascii_suspect;no_primary_tag","flagged","verified","","","medium",""
"question","26cf7b6a-d990-4290-a8a6-5212dd31dd7f","2024","91","Below are five mixed-up sentences related to the topic of social health. Four of these sentences can be arranged to create a coherent paragr","no_primary_tag","flagged","verified","","","medium",""
"question","fa532d4e-c81c-4759-b852-94999bb76c64","2024","92","The idiom/phrase is given below in bold. Following this idiom/phrase are three sentences, which use the given idiom/ phrase. The idiom/phras","no_primary_tag","flagged","verified","","","medium",""
"question","95ef68b4-276a-452c-ab6a-15bb0482dd5d","2024","93","The idiom/phrase is given below in bold. Following this idiom/phrase are three sentences, which use the given idiom/ phrase. The idiom/phras","non_ascii_suspect;no_primary_tag","flagged","verified","","","medium",""
"question","b8f01e14-ea31-4902-b18f-876359b7ae75","2024","94","The idiom/phrase is given below in bold. Following this idiom/phrase are three sentences, which use the given idiom/ phrase. The idiom/phras","non_ascii_suspect;no_primary_tag","flagged","verified","","","medium",""
"question","fb7fa071-14ec-4930-9d9d-a846f0c18985","2024","95","The question includes five statements labelled A, B, C, D, and E, which, when arranged in a logical sequence, create a coherent passage. Sel","non_ascii_suspect;no_primary_tag","flagged","verified","","","medium",""
"question","e34fd882-770f-48b7-b82e-5e8ec7541fb7","2024","96","The question includes five statements labelled A, B, C, D, and E, which, when arranged in a logical sequence, create a coherent passage. Sel","non_ascii_suspect;no_primary_tag","flagged","verified","","","medium",""
"question","801fe2f2-5b8b-4302-84b0-67337dbd7ec1","2024","97","The question includes five statements labelled A, B, C, D, and E, which, when arranged in a logical sequence, create a coherent passage. Sel","non_ascii_suspect;no_primary_tag","flagged","verified","","","medium",""
"question","df732dd2-9004-4cf5-9564-56ef550a32e8","2024","98","In the following question, two sentences are given with one blank each. Choose the option that provides the correct word that fits in both t","suspicious_repeat_char;no_primary_tag","flagged","verified","","","medium",""
"question","bbdf93eb-5496-4f5e-bf3e-1edd996041d9","2024","99","In the following question, two sentences are given with one blank each. Choose the option that provides the correct word that fits in both t","non_ascii_suspect;suspicious_repeat_char;no_primary_tag","flagged","verified","","","medium",""
"question","611b5a1c-39bd-4acc-9e12-b17b06cb9c53","2024","100","In the following question, two sentences are given with one blank each. Choose the option that provides the correct word that fits in both t","suspicious_repeat_char;no_primary_tag","flagged","verified","","","medium",""
"question","1ddec204-5695-48db-ad75-f7bcec84e13f","2024","101","In the following question, two sentences are given with one blank each. Choose the option that provides the correct word that fits in both t","suspicious_repeat_char;no_primary_tag","flagged","verified","","","medium",""
"question","bfc5d3e6-ff04-4955-8ca2-21dc9757b927","2024","102","In the given question, a sentence with four words marked as (A), (B), (C), and (D) is provided. These words may be incorrectly positioned. Y","non_ascii_suspect;no_primary_tag","flagged","verified","","","medium",""
"question","3e5b8d34-0d89-4c36-8db3-c8d93dfc093a","2024","103","In the given question, a sentence with four words marked as (A), (B), (C), and (D) is provided. These words may be incorrectly positioned. Y","non_ascii_suspect;no_primary_tag","flagged","verified","","","medium",""
"question","6698e483-dbd5-4677-a844-123e13cb4177","2024","104","In the given question, a sentence with four words marked as (A), (B), (C), and (D) is provided. These words may be incorrectly positioned. Y","non_ascii_suspect;no_primary_tag","flagged","verified","","","medium",""
"question","19560f5f-a8a9-477c-aab7-8131dc2dca55","2024","105","Choose the phrase or connector (between I and II) from the three options provided, which can be used to combine the two given sentences into","no_primary_tag","flagged","verified","","","easy",""
"question","d2284b2f-2341-4a28-a741-62701aa53e08","2024","106","Choose the phrase or connector (between I and II) from the three options provided, which can be used to combine the two given sentences into","no_primary_tag","flagged","verified","","","easy",""
"question","c928fa13-43e2-46b1-a706-4201a2eda361","2024","107","In the question below, five sentences are provided, with one sentence omitted and replaced by a blank. These sentences are jumbled randomly.","suspicious_repeat_char;no_primary_tag","flagged","verified","","","medium",""
"question","eb5d1c2a-84f8-4fbd-baa0-bb649e39755e","2024","108","In the question below, five sentences are provided, with one sentence omitted and replaced by a blank. These sentences are jumbled randomly.","suspicious_repeat_char;no_primary_tag","flagged","verified","","","medium",""
"question","e4809f00-4573-4637-9d03-21fa1d48b8bc","2024","109","In the following question, three sentences are provided, each of which may or may not be correct grammatically or contextually. Choose the o","non_ascii_suspect;no_primary_tag","flagged","verified","","","medium",""
"question","7629b148-dd75-4aed-8d2d-0353a28d4d68","2024","110","In the following question, three sentences are provided, each of which may or may not be correct grammatically or contextually. Choose the o","non_ascii_suspect;no_primary_tag","flagged","verified","","","medium",""
"question","34acf322-a2df-4351-a213-7e4819d2735b","2024","111","Find the wrong term of the below series: 100, 240, 480, 1344, 4300.8, 15482.88, 61931.52","no_primary_tag","flagged","verified","","","hard",""
"question","e1b64ed2-7d3c-40f3-80ba-b6fbf48ccc62","2024","112","Find the wrong term of the below series: 2, 338, 548, 668, 728, 751, 758","no_primary_tag","flagged","verified","","","hard",""
"question","c3ce8086-088b-4a00-917f-b47730687ca1","2024","113","Find the wrong term of the below series: 8, 111, 231, 376, 546, 743, 969","no_primary_tag","flagged","verified","","","hard",""
"question","136a515e-a171-4d1d-807c-45b6ca4cdc71","2024","114","Consider the below statement and the two quantities given below it. You need to compare both quantities and mark the correct answer accordin","non_ascii_suspect;no_primary_tag","flagged","verified","","","hard",""
"question","8b2b8c97-29d0-462a-a9dc-607fe856ca20","2024","115","Consider the below statement and the two quantities given below it. You need to compare both quantities and mark the correct answer accordin","non_ascii_suspect;no_primary_tag","flagged","verified","","","hard",""
"question","7bb90e7f-419f-4f84-9b90-e56cad75508a","2024","116","A and B entered in a partnership with capitals as Rs P and Rs (P + 5000) respectively. After 4 months, A withdraws 60% of the capital and C ","non_ascii_suspect;no_primary_tag","flagged","verified","","","hard",""
"question","d9c73238-8ee1-4cfb-b1d8-e08d7b460c50","2024","117","Consider the below statement and the two quantities given below it. You need to compare both quantities and mark the correct answer accordin","no_primary_tag","flagged","verified","","","medium",""
"question","9ed35f35-b14c-4f8f-acff-4ce0b1ed3ded","2024","118","Rashmi had Rs 6X with her. She invested one-third of that amount in two schemes A and B in the ratio 1 : 8. She paid Rs 6000 to her maid and","no_primary_tag","flagged","verified","","","hard",""
"question","62e1bbc0-3a72-4efb-be6a-947cd5720546","2024","119","There is a right cylindrical vessel with radium R cm and height H cm. 75% of its capacity is filled with water which is equal to 1650 cm³. T","non_ascii_suspect;no_primary_tag","flagged","verified","","","hard",""
"question","d63175ab-a8ec-4ed6-866a-fd0b30cca23a","2024","120","There is a car and a bus. The speed of the car is ‘X’ km/h and the speed of the bus is twice of the car. The car is going from A to B and th","non_ascii_suspect;no_primary_tag","flagged","verified","","","hard",""
"question","83f9b80e-0c41-4759-8311-7a092d3efde1","2024","121","Consider the below statement and two quantities given below it. You need to compare both the quantities and mark the correct answer accordin","no_primary_tag","flagged","verified","","","hard",""
"question","ec97d64c-007d-4211-8cfc-f79e4c0e351a","2024","122","Rs 60,000 is distributed among P, Q, R, S and T. Amount received by R is equal to amount received by S and T together. Amount received by P ","non_ascii_suspect;no_primary_tag","flagged","verified","","","hard",""
"question","b4c5944f-7cbe-4e13-9d40-050240a11b06","2024","123","Study the given information carefully and answer the question. The present ages of Riya, Kavita, Meera, Pooja, and Swati are 24 years, 32 ye","no_primary_tag","flagged","verified","","","hard",""
"question","53524e07-a458-4bd9-b187-11e23361c5dd","2024","124","In the question, three statements numbered I, II and III are given. You have to decide whether the data provided in the statements are suffi","suspicious_repeat_char;no_primary_tag","flagged","verified","","","medium",""
"question","533e3e05-9e08-4aad-97dd-bbbc238be7f4","2024","125","Shopkeeper ‘A’ calculates his profit on the cost price whereas shopkeeper ‘B’ on the selling price. Shopkeeper ‘A’ claims a profit of 25% an","non_ascii_suspect;no_primary_tag","flagged","verified","","","medium",""
"question","7d4bfa35-72d7-4e0a-a023-503048d7fb0e","2024","131","Study the following information carefully and answer the questions given beside: There are four studios P, Q, R and S of a renowned news cha","non_ascii_suspect;no_primary_tag","flagged","verified","","","hard",""
"question","2bef7b3c-2179-4d49-ab10-f0172d8900a1","2024","132","Study the following information carefully and answer the questions given beside: There are four studios P, Q, R and S of a renowned news cha","non_ascii_suspect;no_primary_tag;duplicate_option_text","flagged","needs_correction","duplicate_option_text: options b and d are both 3538; a five-option MCQ cannot offer the same distractor twice, so one option value is mis-imported","","",""
"question","a8d90ceb-9fdb-4b54-bf18-6d819dec2cfd","2024","133","Study the following information carefully and answer the questions given beside: There are four studios P, Q, R and S of a renowned news cha","non_ascii_suspect;no_primary_tag","flagged","verified","","","hard",""
"question","ffc0de0b-e1b0-4992-8699-2fcad9ee0601","2024","134","Study the following information carefully and answer the questions given beside: There are four studios P, Q, R and S of a renowned news cha","non_ascii_suspect;no_primary_tag","flagged","verified","","","hard",""
"question","a81c1d87-42b5-4834-bb3b-08a817888c93","2024","135","Study the following information carefully and answer the questions given beside: There are four studios P, Q, R and S of a renowned news cha","non_ascii_suspect;no_primary_tag","flagged","verified","","","hard",""
"question","09d6988d-b591-4a48-a741-1abbafaca090","2024","136","Study the following information carefully and answer the questions given beside: A motorboat travelled a total distance of 1500 km in 3 days","no_primary_tag","flagged","verified","","","hard",""
"question","c5485db9-632b-4bdb-8be9-f737741da022","2024","137","Study the following information carefully and answer the questions given beside: A motorboat travelled a total distance of 1500 km in 3 days","no_primary_tag","flagged","verified","","","hard",""
"question","907498df-0cae-48fb-9473-f7543dddf711","2024","138","Study the following information carefully and answer the questions given beside: A motorboat travelled a total distance of 1500 km in 3 days","no_primary_tag","flagged","verified","","","hard",""
"question","1b373d9c-cdee-4841-ac00-ae40469aeabc","2024","139","Study the following information carefully and answer the questions given beside: A motorboat travelled a total distance of 1500 km in 3 days","no_primary_tag","flagged","verified","","","hard",""
"question","4f1c740b-c84c-407e-909c-4b11ef4219df","2024","140","Study the following information carefully and answer the questions given beside: A motorboat travelled a total distance of 1500 km in 3 days","no_primary_tag;duplicate_option_text","flagged","needs_correction","duplicate_option_text: options c and e are both 2.01%; a five-option MCQ cannot offer the same distractor twice, so one option value is mis-imported","","",""
"question","e8a53912-36d6-4daf-94d8-9efb4c0b442b","2024","141","When a word and number arrangement machine is given an input line of words and numbers, it arranges them following a particular rule. The fo","non_ascii_suspect;no_primary_tag","flagged","verified","","","hard",""
"question","d5a767e6-621c-498e-b51c-6aeb7c8ea8e7","2024","142","When a word and number arrangement machine is given an input line of words and numbers, it arranges them following a particular rule. The fo","non_ascii_suspect;no_primary_tag","flagged","verified","","","hard",""
"question","a78dd75a-2d80-4cb0-aabe-c83848ad5297","2024","143","When a word and number arrangement machine is given an input line of words and numbers, it arranges them following a particular rule. The fo","no_primary_tag","flagged","verified","","","hard",""
"question","b06a8d97-d0f7-41c7-9afd-b92e8bb4a6a4","2024","144","When a word and number arrangement machine is given an input line of words and numbers, it arranges them following a particular rule. The fo","no_primary_tag","flagged","verified","","","hard",""
"question","10e19314-d078-4943-a0c8-8ecb50528911","2024","145","When a word and number arrangement machine is given an input line of words and numbers, it arranges them following a particular rule. The fo","no_primary_tag","flagged","verified","","","hard",""
"question","590031cf-f4dd-4c4e-88ff-1a463bf8069e","2024","146","There are 6 boxes stacked on one another. There are only 2 boxes between A and D. C is placed just above B. There are only 3 boxes between C","no_primary_tag","flagged","verified","","","medium",""
"question","70f7b024-5f9d-4f50-8d0a-497460bfea74","2024","147","Seven people, namely A, B, C, D, E, F and G are arranged in descending order of their weights. Each of the seven persons has a distinct weig","no_primary_tag","flagged","verified","","","hard",""
"question","cae36b18-da29-4b44-8bfe-71882458d802","2024","148","Seven people, namely A, B, C, D, E, F and G are arranged in descending order of their weights. Each of the seven persons has a distinct weig","no_primary_tag","flagged","verified","","","hard",""
"question","fd29298c-3394-4849-a928-458715bdf9db","2024","149","Seven people, namely A, B, C, D, E, F and G are arranged in descending order of their weights. Each of the seven persons has a distinct weig","no_primary_tag","flagged","verified","","","hard",""
"question","b87ed5b5-1bde-4cf2-a273-7fa7c50790b1","2024","150","Is W aunt of P in a family of eight members? I) R is father of D’s father-in-law and G is sister-in-law of W’s father. H is married to K and","non_ascii_suspect;no_primary_tag","flagged","verified","","","hard",""
"question","bcd02482-37c2-4126-99c3-90cf0f75b736","2024","151","What does ‘open’ mean in the code language? Statement I: ‘QR ST UA BQ RS’ means ‘new year bank open tax’ and ‘OT CR QR AT OM’ means ‘was tax","non_ascii_suspect;no_primary_tag","flagged","verified","","","hard",""
"question","f6f618b3-f554-491f-8fcf-46556fc4d898","2024","152","Eight persons are sitting around a circular table such that seven persons are facing inward and only one person is facing outward. E is sitt","no_primary_tag","flagged","verified","","","hard",""
"question","adba3df3-c73a-4650-b5bd-69724dbc8d51","2024","153","Seven teams MI, RCB, KXIP, RR, KKR, SRH and DC did play matches on different days amongst the 7th, 12th, 17th and 22nd of either May or June","no_primary_tag","flagged","verified","","","hard",""
"question","83fc1447-8337-4480-ab87-dc9057ed6575","2024","154","There are 10 poles A, B, C, D, E, F, G, H, I and J. Pole H is in north-east direction with respect to Pole J at a distance of 10m. Pole G is","no_primary_tag","flagged","verified","","","medium",""
"question","d7095667-37e1-444a-b233-f0b8aba3288c","2024","155","There are 10 poles A, B, C, D, E, F, G, H, I and J. Pole H is in north-east direction with respect to Pole J at a distance of 10m. Pole G is","no_primary_tag","flagged","verified","","","medium",""
"question","d77f99d2-0971-4354-8e56-dcfb8ebd12ca","2024","156","There are 10 poles A, B, C, D, E, F, G, H, I and J. Pole H is in north-east direction with respect to Pole J at a distance of 10m. Pole G is","no_primary_tag","flagged","verified","","","medium",""
"question","35bccb52-f4af-4a14-8229-9a49175d8de3","2024","157","There are 10 poles A, B, C, D, E, F, G, H, I and J. Pole H is in north-east direction with respect to Pole J at a distance of 10m. Pole G is","no_primary_tag","flagged","verified","","","medium",""
"question","ea97d92a-fd11-4141-8d2f-edf7ac03971e","2024","158","In the question below, two conclusions are given followed by four statements. You have to choose the correct set of statements from which th","no_primary_tag","flagged","verified","","","medium",""
"question","a2485194-e4db-443f-a82c-59767b6df156","2024","159","In the question given below, two conclusions are given followed by four statements. You have to choose the correct set of statements that lo","no_primary_tag","flagged","verified","","","medium",""
"question","898f034a-9963-445b-822b-e21f9d10b331","2024","160","In the question below, three conclusions are given followed by five statements. You have to choose the correct set of statements that logica","no_primary_tag","flagged","verified","","","medium",""
"question","dea65d13-143b-4be5-afd7-7d4864360e8f","2024","161","Seven friends A, B, C, D, E, F & G were born on different years 1983, 1986, 1987, 1991, 1994, 1995 & 1996 (not necessarily in the same order","non_ascii_suspect;no_primary_tag","flagged","verified","","","hard",""
"question","957e5aff-9a07-43a2-8145-c388b3adf330","2024","162","Seven friends A, B, C, D, E, F & G were born on different years 1983, 1986, 1987, 1991, 1994, 1995 & 1996 (not necessarily in the same order","non_ascii_suspect;no_primary_tag","flagged","verified","","","hard",""
"question","03e85932-6e6d-4cd0-bcdf-f246384405db","2024","163","Seven friends A, B, C, D, E, F & G were born on different years 1983, 1986, 1987, 1991, 1994, 1995 & 1996 (not necessarily in the same order","non_ascii_suspect;no_primary_tag","flagged","verified","","","hard",""
"question","7999c950-1800-40a6-bff9-4561c210a23b","2024","164","Seven friends A, B, C, D, E, F & G were born on different years 1983, 1986, 1987, 1991, 1994, 1995 & 1996 (not necessarily in the same order","non_ascii_suspect;no_primary_tag","flagged","verified","","","hard",""
"question","aaacf217-28ae-48da-8882-fd2826a505fd","2024","165","Seven friends A, B, C, D, E, F & G were born on different years 1983, 1986, 1987, 1991, 1994, 1995 & 1996 (not necessarily in the same order","non_ascii_suspect;no_primary_tag","flagged","verified","","","hard",""
"question","cb4dfec9-d6a0-4f0b-a903-9fa2e846bac1","2024","166","Study the given information and answer the following questions based on it. Eight persons - Hari, Harish, Harkiran, Hema, Hetal, Himanshu, H","no_primary_tag","flagged","verified","","","hard",""
"question","3dbae664-1da8-43cf-b090-df947653b95d","2024","167","Study the given information and answer the following questions based on it. Eight persons - Hari, Harish, Harkiran, Hema, Hetal, Himanshu, H","suspicious_repeat_char;no_primary_tag","flagged","verified","","","hard",""
"question","dbed8b14-feb0-4429-be23-d801f6d86b9a","2024","168","Study the given information and answer the following questions based on it. Eight persons - Hari, Harish, Harkiran, Hema, Hetal, Himanshu, H","no_primary_tag","flagged","verified","","","hard",""
"question","a58e8e28-0750-4b64-ac0e-728f9009e6dc","2024","169","Study the given information and answer the following questions based on it. Eight persons - Hari, Harish, Harkiran, Hema, Hetal, Himanshu, H","no_primary_tag","flagged","verified","","","hard",""
"question","7e27a839-d01e-48a5-9987-e7d261937629","2024","170","Study the given information and answer the following questions based on it. Eight persons - Hari, Harish, Harkiran, Hema, Hetal, Himanshu, H","suspicious_repeat_char;no_primary_tag","flagged","verified","","","hard",""
"question","5c231d50-fd97-42e3-a4d9-813423c00cf7","2024","171","The letters which appear exactly twice in each of the following words is taken and then the vowels and consonants are arranged alternately i","no_primary_tag","flagged","verified","","","hard",""
"question","9fd4e896-645a-4174-9b91-217b91d8008e","2024","172","If ‘m’ is the resultant of the first row, what will be the resultant of the second row? 67 20 93 m 88 56","non_ascii_suspect;no_primary_tag","flagged","needs_correction","Operation-definition block for the arithmetic machine absent from import; row rules unavailable, question unanswerable as stored","","",""
"question","99220d07-541f-404f-9b14-9f946c4257a4","2024","173","If in the word ‘MALNOURISHED’, the letters which are at the odd position from the left end are replaced with immediately previous letters, a","non_ascii_suspect;no_primary_tag","flagged","verified","","","hard",""
"question","6949df46-2d59-4129-b89b-2ddbdfdc93ab","2024","174","Study the following information carefully and answer the questions given beside. Eight persons namely A to H are sitting on the square table","no_primary_tag","flagged","verified","","","hard",""
"question","1566be42-ed3e-4bd8-a9b1-e4d9c514b2d8","2024","175","Study the following information carefully and answer the questions given beside. Eight persons namely A to H are sitting on the square table","no_primary_tag","flagged","verified","","","hard",""
"question","28777228-30bf-4110-9ee5-280cd7826ba9","2024","176","Study the following information carefully and answer the questions given beside. Eight persons namely A to H are sitting on the square table","no_primary_tag","flagged","verified","","","hard",""
"question","2523b1b7-f0cc-4e8a-8293-8b440d99f4ce","2024","177","Study the following information carefully and answer the questions given beside. Eight persons namely A to H are sitting on the square table","no_primary_tag","flagged","verified","","","hard",""
"question","cd9213f8-ed6c-453f-9768-1274fec64e59","2024","178","Study the following information carefully and answer the questions given beside. Eight persons namely A to H are sitting on the square table","no_primary_tag","flagged","verified","","","hard",""
"question","63a9cd68-5dee-44f0-baa7-52b555368995","2024","179","Read the following information carefully and answer the questions given below it: There are certain number of persons sitting in a row and a","no_primary_tag","flagged","verified","","","hard",""
"question","10abc8b7-2760-4426-9c39-536c444ef713","2024","180","Read the following information carefully and answer the questions given below it: There are certain number of persons sitting in a row and a","no_primary_tag","flagged","verified","","","hard",""
"question","2d38acfe-6713-4972-9742-ec601347fc5f","2024","181","Read the following information carefully and answer the questions given below it: There are certain number of persons sitting in a row and a","no_primary_tag","flagged","verified","","","hard",""
"question","c02416e2-2788-43cf-a903-d938f1c77238","2024","182","Read the following information carefully and answer the questions given below it: There are certain number of persons sitting in a row and a","no_primary_tag","flagged","verified","","","hard",""
"question","1a65ac3d-fec4-4995-805a-736a705b0dbd","2024","183","Read the following information carefully and answer the questions given below it: There are certain number of persons sitting in a row and a","no_primary_tag","flagged","verified","","","hard",""
"question","4fa5164f-4522-42bc-80be-d3e416f3a822","2024","184","Study the following information carefully and answer the below questions. Eight persons namely – A, B, C, D, E, F, G and H lives in eight fl","non_ascii_suspect;no_primary_tag","flagged","verified","","","hard",""
"question","d6b863ee-8c0b-473e-b922-17ba9fd966af","2024","185","Study the following information carefully and answer the below questions. Eight persons namely – A, B, C, D, E, F, G and H lives in eight fl","non_ascii_suspect;no_primary_tag","flagged","verified","","","hard",""
"question","5b4395c2-5cd9-4be8-952b-cb177d35b3fb","2024","186","Study the following information carefully and answer the below questions. Eight persons namely – A, B, C, D, E, F, G and H lives in eight fl","non_ascii_suspect;no_primary_tag","flagged","verified","","","hard",""
"question","a4020e61-42c1-47e0-932c-158f2f488fe1","2024","187","Study the following information carefully and answer the below questions. Eight persons namely – A, B, C, D, E, F, G and H lives in eight fl","non_ascii_suspect;no_primary_tag","flagged","verified","","","hard",""
"question","90cfe4e0-311c-4a15-a0f0-f5ef7f9073f6","2024","188","Study the following information carefully and answer the below questions. Eight persons namely – A, B, C, D, E, F, G and H lives in eight fl","non_ascii_suspect;no_primary_tag","flagged","verified","","","hard",""
"question","eb76c652-19a9-4791-814f-e77f08f9e230","2024","189","Based on the information provided, which of the following statements can be inferred? I) The Potum Sensor can detect only one adulterant at ","non_ascii_suspect;no_primary_tag","flagged","needs_correction","Source statement about the Potum Sensor absent from import; inference options cannot be adjudicated as stored","","",""
"question","c8deadd3-54a5-4571-8c89-f272ad3ec9d0","2024","190","A well-established college is considering organizing weekly talks by industry experts, coupled with quizzes to evaluate student learning. Ar","no_primary_tag","flagged","verified","","","medium",""
"question","417baa8c-3c2f-46b2-9a56-d2935b49cb46","2024","191","A report on the DTH (Direct-to-Home) television industry shows that the customer base of Airsay, a well-known DTH service provider, has decr","no_primary_tag","flagged","verified","","","medium",""
"question","9cd852ff-4c69-4410-8dfa-16b7d48e4c9c","2024","192","Company Y has updated its Work From Home (WFH) policy, requiring employees to work from the office for a minimum of 15 days per month. The r","no_primary_tag","flagged","verified","","","medium",""
"question","81b6d2ea-123c-4e7f-8807-13557c6c943d","2024","193","Lithium is a crucial element in the production of rechargeable batteries used in electric vehicles (EVs) and consumer electronics. However, ","non_ascii_suspect;no_primary_tag","flagged","verified","","","medium",""
"question","aac395b3-f4a1-47af-8608-71c0a288696b","2024","194","Statement: Excessive amounts of lead in drinking water, associated with certain types of industrial pollution, have been shown to cause lung","no_primary_tag","flagged","verified","","","medium",""
"question","601f21d9-f4f8-4e26-a67d-03462f84f32e","2024","195","Study the following information carefully and answer the below question: Statement: Certain banks have introduced a fee of Rs.150 for each c","no_primary_tag","flagged","verified","","","medium",""
"question","90c63d9e-7060-439c-9ebe-2c2327aea868","2024","196","In the question given below, a passage is given followed by three statements that may or may not be concluded from the passage. Select the c","non_ascii_suspect;no_primary_tag","flagged","verified","","","medium",""
"question","65c7e66f-6de8-45e0-a8a2-5d50b3ea6890","2024","197","In the question given below, a passage is given followed by three statements that may or may not be inferred from the passage. Select the co","non_ascii_suspect;no_primary_tag","flagged","verified","","","medium",""
"question","c3e7a2c7-e551-48a3-b04f-cdd6edb1d8a1","2024","198","In the question below are given a statement followed by two courses of action numbered I and II. A course of action is a step or administrat","no_primary_tag","flagged","verified","","","medium",""
"question","7c9f846c-6680-4d53-a4e6-2885441011ab","2024","199","Below is given a passage followed by some assumptions: Passage: A diversified brick and mortar company recently hired a web designer and cre","no_primary_tag","flagged","verified","","","medium",""
"question","7195c298-61d4-4cc7-b5ce-d9c0c7d55e0c","2024","200","Two statements are followed by three conclusions I, II and III. You have to consider the statements to be true, even if they seem to be at v","non_ascii_suspect;no_primary_tag","flagged","verified","","","medium",""
