year,question_number,question_id,classification,reason,suggested_subject
2023,1,06a71546-9158-4fe8-bc64-b5a1f84f9ce4,PERISHABLE,BSR anniversary year count tied to October 2022,
2023,2,a2d5fb94-dfdd-4b55-9f4b-6de9fa8aa402,PERISHABLE,FRB share of issuances for 2022-23; annual report figure,
2023,3,464407e5-93ca-4d89-a707-b74f17271000,PERISHABLE,Gender parity leader in that year's Global Gender Gap Index,
2023,4,a86a0030-3ae4-400d-ae2d-a146919e6bea,PERISHABLE,Civilian honour conferred on a named person,
2023,5,ba69621f-99ba-442c-9d13-5ae8db01c04d,DURABLE,Town of Export Excellence threshold is Foreign Trade Policy scheme design,economics
2023,6,ff2a43cf-19d2-4b71-9e78-815af74a91a9,DURABLE,Trilateral highway terminus is fixed project geography,
2023,7,3539cfd7-1980-4538-9e4e-651f2e663682,PERISHABLE,NITI Aayog app launched at a dated visit,
2023,8,c6eb9d90-7e69-422d-918e-478ba00876c7,PERISHABLE,Economic Survey growth forecast range for a stated year,
2023,9,d4ce74ef-4c4d-4e3e-834c-5a1e2da5321e,PERISHABLE,Inauguration of the first international cruise vessel,
2023,10,dc375824-9bd8-42ee-a07b-acdf2ac88636,DURABLE,Full form of TRAI's Digital Consent Acquisition facility,
2023,11,4dd92204-71ba-458a-9500-48a79bcc87bd,PERISHABLE,CAG selected as ILO external auditor; appointment,
2023,12,92ec9348-e725-4bc2-86c1-6484d7617e01,DURABLE,International forum membership of India,
2023,13,779435d4-7055-45c5-a488-1f384541c7ce,PERISHABLE,PLI sector performance for a stated year,
2023,14,828f8e49-5f89-434a-8d4c-dce4ada36b90,DURABLE,Common membership of ASEAN and BIMSTEC,
2023,15,44ce8df3-df4e-43bf-9d39-a821dafa06e6,DURABLE,Inflation upper threshold and consecutive-quarter breach rule under the monetary policy framework,economics
2023,16,6001a265-5a4e-4f10-8209-57ab1bf98c83,PERISHABLE,Bank with the highest branch increase in FY 2022-23,
2023,17,b89a3e1c-57bb-4aae-8e2a-0c9e914cf3f9,DURABLE,Base period of the RBI Digital Payments Index,banking
2023,18,a333bbf9-fdbe-4896-9c05-56b42367ffed,DURABLE,RBI public-awareness mascots; institutional,banking
2023,19,adaf7230-321a-4eec-b993-97639fcbcb53,DURABLE,Statutory e-way bill consignment value threshold under GST,economics
2023,20,568ded3d-be7c-40ea-9a7f-158457df1ddf,PERISHABLE,Budget 2023-24 interest-free loan allocation figure,
2023,21,dde30b8f-dfc9-4401-99e4-c2eed0653cd6,PERISHABLE,Bank that launched the FYN corporate portal; product launch,
2023,22,cf7c64b7-c5c5-46dc-a84a-43207cef04db,DURABLE,Single-counterparty large-exposure ceiling for an NBFC-UL,banking
2023,23,d7922705-0b2c-4951-9181-b2d15370bd9c,PERISHABLE,ICAR e-commerce partner; MoU announcement,
2023,24,18f853c3-ce55-45eb-a81f-be96333dcbe0,PERISHABLE,ECB anniversary count in the year asked,
2023,25,e3f0fa96-1e21-4308-8b6b-e29caa3236ce,PERISHABLE,First Indian stock to cross Rs 1 lakh per share; market event,
2023,26,6cae56ac-d728-447c-a155-ad062d02e25c,DURABLE,Theme of the RBI Payments Vision 2025 document,banking
2023,27,ed85a17d-941f-426c-b997-fbda496d4843,DURABLE,Organisation that launched the Antardrishti financial-inclusion dashboard,banking
2023,28,31907b64-c79f-4ceb-882a-88b2a33207f5,DURABLE,Indian Ocean Dipole; climate science,
2023,29,0f70f032-86ad-4a9d-8dab-dc7c694f6f78,PERISHABLE,NIRF India Rankings 2023 statements,
2023,30,d599a55c-74fb-4b0a-a2a5-9cb96c250c38,DURABLE,Risk categories in RBI forex reserve deployment,banking
2023,31,c71d1019-cdb5-49bf-a290-8c4934b8ac38,PERISHABLE,Fund identified from AUM composition at a stated date,
2023,32,a5817e98-78ab-4dbd-abb2-27f1e3c22b35,DURABLE,Pillars of the Foreign Trade Policy 2023,economics
2023,33,779e152e-0400-4c63-8a9b-8d474c4407fc,DURABLE,Total Expense Ratio base under SEBI Mutual Funds Regulations,capital-market
2023,34,92d4dab5-29a2-4ea2-a544-a105d8dcc623,PERISHABLE,Largest household savings instrument in 2022-23,
2023,35,3224fa53-8136-48dc-adbd-43fa99bba0f1,DURABLE,Design of the CBDC pilot launch in India,banking
2023,36,66d95685-ad8f-4372-b481-9a41bc8d2f51,PERISHABLE,Small savings scheme rate for a stated quarter,
2023,37,07ec5f4f-506f-49a4-b325-850d1aea8ef9,DURABLE,MAVEN acronym expansion,
2023,38,fb85f00d-5fa9-4fe8-aaaa-239e35d338f7,DURABLE,Parties to the Atlantic Declaration,
2023,39,ee1c526a-1da6-4de1-9686-7a8e5e37adde,DURABLE,Minimum Net Owned Fund for housing finance companies,banking
2023,40,646fe96f-61b0-4645-b460-b210d2f97da5,PERISHABLE,Chair of B20 under India's G20 presidency; appointment,
2023,41,920648ed-bb31-4e77-bada-88659f9bd8ad,DURABLE,Ministries converged under the cooperative grain storage plan,
2023,42,bd3d649a-e201-4113-8b56-ac6b79022eb0,DURABLE,RBI Digital Lending guidelines and FLDG provisions,banking
2023,43,a4b2c61b-cfa6-4096-8bb2-a27bbab9016e,PERISHABLE,RBI Annual Report finding on transmission for a stated year,
2023,44,70ec8b68-f75d-4f26-96e9-f91436d03b9a,PERISHABLE,Retained GDP growth forecast for 2023-24 and 2024-25,
2023,45,740ab0f8-3705-49a3-a375-46e52682be94,PERISHABLE,State assembly term ending before a stated date,
2023,46,c3f3f398-3537-4897-83f9-208043670daa,DURABLE,Base year of the NHB RESIDEX housing price index,economics
2023,47,f325058f-1c5e-435d-9c74-ed805923ebaf,DURABLE,Urban schemes launched in 2015; historical launch years,
2023,48,c8a89a5b-7f4f-4290-b18d-fd44672489cf,DURABLE,Events classified as UPSI under SEBI insider-trading rules,capital-market
2023,49,a728015a-edac-4246-8609-3e4890ca001a,PERISHABLE,Name of the award conferred on a named academic,
2023,50,39f753a0-722b-4749-9679-9bbf0a5107cc,PERISHABLE,Category of a 2023 badminton tournament,
2023,51,0229dee0-40e9-4af5-a6e6-1e7bb4ec1a4a,PERISHABLE,Top states in the State Food Safety Index,
2023,52,fa8af60b-8e86-4400-8911-ac2d56ecc684,PERISHABLE,Agriculture share of GVA in 2022-23,
2023,53,e62ee044-1c93-40af-b4cd-d1926efcec11,PERISHABLE,Top services-export contributor for a stated period,
2023,54,ece24678-98ac-427f-9044-df2546c45e65,PERISHABLE,Top three FDI source countries in a stated fiscal year,
2023,55,89def589-836a-4d4d-9933-9081ec2cea5f,PERISHABLE,Twenty Point Programme completion rate for a stated period,
2023,56,13a60b17-c78d-4d04-8eb8-cddd11a4165d,DURABLE,Sovereign Gold Bond scheme design statements,capital-market
2023,57,cc8b82f4-0a2e-4ce5-a071-4278b0bb21cb,DURABLE,Institution whose foundation day falls on 1 July,banking
2023,58,4e97483b-787b-4b3d-b50f-c6ea37dd26b0,PERISHABLE,Body the US decided to rejoin; dated geopolitical event,
2023,59,8465c7fd-8cfe-4b7f-a3a7-4d51b2fe9653,DURABLE,Numerical definition of a petaflop,
2023,60,fc688826-eec8-4593-9f75-90a67a191e68,DURABLE,Alloy composition of a commemorative coin,
2023,61,72b60dc6-6ac5-4560-9869-1bbbcb48bb92,PERISHABLE,NPS average monthly net subscriptions for a stated period,
2023,62,8a06af86-118d-4089-af14-20f64728ddd7,DURABLE,Overseas custodians of RBI gold reserves,banking
2023,63,e5c98da9-732f-40c7-aac2-cc1d05c5e6d6,DURABLE,Transition bonds as a sub-category of green debt securities,capital-market
2023,64,9d689a3a-0f88-4927-bb18-0500b0c79819,DURABLE,Minimum Net Owned Fund for NBFC-MFIs in the North-East,banking
2023,65,b9d6a044-93fd-439d-b2d2-fccd2b5bc02c,DURABLE,DRS acronym expansion,
2023,66,2072bcce-cf00-44b7-b6e0-ba6f707ec04f,PERISHABLE,Chief investment officer of the SWAMIH fund; appointment,
2023,67,8ce49aa5-bda8-438c-ac00-92e28ab53677,DURABLE,PM-KUSUM solar power plant capacity range; scheme design,
2023,68,0453ae7c-d895-45c3-af13-8ad11ae01751,DURABLE,Smart Cities Mission design statements,
2023,69,d45288ea-3086-455e-a2f7-3b86ccb182ca,PERISHABLE,Themes of a dated SAI20 summit,
2023,70,1e23b271-6759-40c2-845a-93b0f48c4f61,DURABLE,Location of the climate clock,
2023,71,67c276e5-2f91-45f5-b1d7-33d38a4bd376,DURABLE,UPI pay-request mechanics and payment address formats,banking
2023,72,b4f5f20f-b40d-48c5-9e91-0189760913db,DURABLE,Payments Infrastructure Development Fund targets and tenure,banking
2023,73,c70742d0-94f7-42a6-9d17-1d38860e76c3,DURABLE,Denominator against which Gross Domestic Saving is expressed,economics
2023,74,f0abc93c-7023-4b6f-a1ca-300dce26ff5e,DURABLE,Clearing corporations recognised by SEBI,capital-market
2023,75,7343f9ba-a106-42fb-9b93-532bbe0eeb4c,DURABLE,Bharat BillPay participant and channel design,banking
2023,76,362a02d5-a932-44c8-a8b5-4fb0bbed52d4,DURABLE,Constitutional article on Union-State division of powers,
2023,77,33b11bae-3149-4094-8a02-a209c867dc95,DURABLE,Multilateral agency that issued the India Country Partnership Strategy,
2023,78,3395bf01-c064-431b-8735-d7b9811b7ada,PERISHABLE,Top gold-producing countries; annual production ranking,
2023,79,a60b1c74-242e-400e-9aa2-d6b6deb6437c,DURABLE,Number of parties in the TReDS mechanism,banking
2023,80,518bd8f3-af42-4782-9d84-186be53a4b6b,PERISHABLE,D-SII list as released in March 2023,
2024,1,000f179a-e88b-438d-98e6-da4f64fe66e3,DURABLE,Government assistance quantum under PMAY-U 2.0,economics
2024,2,c03cf54f-6f27-4e8e-a958-f11435df69ef,DURABLE,PMMY Tarun category maximum loan amount,banking
2024,3,1eac5e45-a56c-4514-bdc4-c2d64bc5b156,DURABLE,De-penalisation threshold for small movable foreign assets,economics
2024,4,e68ee927-612c-4717-b89b-4d1628d8897c,DURABLE,NPS partial-withdrawal percentage after three years,pension-sector
2024,5,09bdd252-7913-4235-a3ad-f204400ce21a,DURABLE,Turnover threshold for mandatory TReDS onboarding,banking
2024,6,ff22c6f5-286f-4ab9-97e2-aedf24118a15,PERISHABLE,Top ministry in the National Monetisation Pipeline for a stated year,
2024,7,206667d0-5750-4ee4-ae1b-80e027ebd0de,DURABLE,DAY-NRLM systems-design initiative; scheme identity,
2024,8,8723cf3a-e4af-413c-866f-ee2e9fdf3f2d,DURABLE,Government and private-equity split of the Self Reliant India Fund,economics
2024,9,21a031cf-d598-43d6-9700-906c616ff60f,PERISHABLE,MSME share of all-India exports in FY 2023-24,
2024,10,3a9d6660-e922-4bc5-b390-dac5b922a38f,DURABLE,Single-window clearance portal launched by MoEFCC in 2018,
2024,11,8b842231-525d-4bfa-84d7-4b939eae8f85,DURABLE,Maximum grant-in-aid per integrated cold chain project,economics
2024,12,a7298c3c-5b54-4c3c-9a6b-610180a97137,DURABLE,Crops covered by the Price Support Scheme under PM-AASHA,economics
2024,13,07fe7881-ce89-4636-8d7b-70dabff148f2,DURABLE,State incentive share of fertiliser subsidy saved under PM-PRANAM,economics
2024,14,1883318d-a7ac-411b-aeaa-534b54780c7a,PERISHABLE,Agriculture ministry budget estimate for 2024-25,
2024,15,6c6fabd9-b2b5-403b-8d72-3f5cfb7cdb7e,DURABLE,UPI transaction limit for tax payments,banking
2024,16,d37da05c-2330-413d-aad0-cb8457ad536c,DURABLE,Maximum weight cap for Indian government bonds in the index,capital-market
2024,17,e2563c71-a97c-4aeb-8a14-ea9407a8b9a4,PERISHABLE,Largest contributing dimension to the FI-Index for March 2024,
2024,18,c3b184d4-7376-4b01-b27d-d13ae73fff6a,DURABLE,Indirect taxes subsumed under GST,economics
2024,19,38c4bde8-2363-4753-b7b0-de9f4fffc5f7,DURABLE,Parameter with the highest weight in the RBI Digital Payments Index,banking
2024,20,e04c9562-3075-4c29-9562-143eb186c86f,DURABLE,Investment value ceiling for a Basic Service Demat Account,capital-market
2024,21,3c8aefb0-6b1c-4917-86c6-8119831e00ac,PERISHABLE,Bank that partnered RXIL for pre-shipment finance,
2024,22,25bf3b60-a3f7-4fd5-b440-799f15c4fa54,DURABLE,Cumulative repo rate increase over the May 2022-February 2023 cycle,economics
2024,23,aa7f15a2-756d-4e3b-84f4-a446c59cd7ea,DURABLE,Asset-size criterion for Internal Ombudsman appointment by NBFCs-ND,banking
2024,24,b64a8b53-b990-4039-9de8-4c09f8451bd9,DURABLE,Inoperative period after which deposits move to the DEA Fund,banking
2024,25,4fc90b0f-6ed7-4354-9010-ad78c0d78f6e,DURABLE,Maximum deposit tenure for HFCs after NBFC harmonisation,banking
2024,26,fe284090-9d9a-4778-b5d7-8077b79b8919,DURABLE,Bulk deposit threshold for Local Area Banks,banking
2024,27,b2a52ab0-82ae-4a9f-8dab-c2236aade5b9,DURABLE,Government security tenures excluded from the Fully Accessible Route,capital-market
2024,28,9c570193-9a1e-4cbd-b7b3-681465a46cc8,DURABLE,Eligibility criteria for SFB transition to universal bank,banking
2024,29,75a85026-bcd3-4129-af8e-f18aa5c654c8,DURABLE,Eligibility criteria under the RBI FinTech SRO framework,banking
2024,30,5c3e362e-0dba-4003-958b-ceadce1d9318,DURABLE,Sectors for which CRAR risk weights were enhanced,banking
2024,31,896c2b31-f466-409b-b800-641be3efc1f0,DURABLE,IFSCA mandate and constitution,banking
2024,32,fbb7d25c-0b56-4599-b422-c45b381efb42,DURABLE,Stated outcomes of rising digital payments,banking
2024,33,e0dd0b78-f9d6-405e-87ea-9b10832a9650,DURABLE,INFINET network scope and the systems it carries,banking
2024,34,bd0aaed2-51ee-40bb-934c-4143bf4f79f9,DURABLE,State and UT borrowing formats from the RBI,banking
2024,35,feb37eb8-99d5-4dfa-aa89-74c58233eafe,DURABLE,AIFI deposits excluded from priority sector lending computation,banking
2024,36,8db74694-48dd-4f21-84a8-e02c0da21137,DURABLE,Entity supervised by the RBI Department of Regulation,banking
2024,37,da7110b3-e6c4-4818-a774-82aaf5d16e42,DURABLE,Committees matched with their year of establishment,banking
2024,38,55094ce0-40a8-4990-9eaf-03ffc2186a32,DURABLE,Minimum net worth for recognition as an IAASB or RAASB,capital-market
2024,39,cbf8c8e6-eb92-4b50-bcb5-17d4206cf7b6,DURABLE,Income-tax section granting relief on ZCZP bonds,capital-market
2024,40,7fb6efd1-134f-4c24-8dc9-ca288daeb7b2,DURABLE,Instruments of monetary policy,economics
2024,41,798d40be-1be7-4acf-8f24-875065255b8c,PERISHABLE,IRDAI penalty imposed on a named NBFC; enforcement event,
2024,42,639680ba-7e80-4f08-a577-ecd031b9f062,DURABLE,Years the Banking and Digital Transactions Ombudsman schemes were notified,banking
2024,43,4f04deeb-e43b-4ab1-aa7a-b598d75d3e61,PERISHABLE,Problem statements of a dated RBI hackathon,
2024,44,1af91cef-9299-4846-8359-82d9dc8c63d2,DURABLE,Loan-size cap for use of a suspended rating agency's ratings,banking
2024,45,0cb19ff4-2eaf-4191-b2a9-ad0ce688bd37,DURABLE,Features of floating rate savings bonds,capital-market
2024,46,b61bbbac-da6c-4286-a75f-5a618ca7fd9d,DURABLE,Revised SEBI minimum investment amount for bonds,capital-market
2024,47,4a6c88b5-3ae7-4594-84b6-690a3aa7dfb7,DURABLE,NPA resolution mechanisms matched with their enactment years,banking
2024,48,043697de-6bf4-4c94-b702-b6da06187ec2,DURABLE,Premature redemption window under the Sovereign Gold Bond scheme,capital-market
2024,49,08524ce8-d0a8-47a9-92c0-7f4655ae1e74,PERISHABLE,Nationality of a newly appointed NATO Secretary-General,
2024,50,0b8b22ff-925a-4d0f-9519-e7897fad65a4,PERISHABLE,Composition of the UNFCCC presidency troika; rotates annually,
2024,51,502ce244-eebd-45d6-873c-07b8e0daec11,PERISHABLE,Country leading Gen AI patent filings per a dated report,
2024,52,9bcb0ef0-a3f5-4943-b99f-0df2c20550d0,PERISHABLE,Grand Slam titles a named player has yet to win,
2024,53,e9341b3c-8605-4df3-9bbc-a4ddc0d5528e,DURABLE,Olympic Games at which a named shooter won gold; fixed history,
2024,54,75db4cef-c2c5-4107-abe7-abc2c9b2058f,PERISHABLE,India's standing in the latest Environmental Performance Index,
2024,55,10af97a2-2afc-49f3-9394-df831d4706cc,PERISHABLE,Kit sponsor of the Athletics Federation of India,
2024,56,ebbc4dd1-e619-499d-aa50-57e603aaf3ff,PERISHABLE,Serving G20 Sherpa for India; appointment,
2024,57,b072a614-e11b-43ef-a926-102f8e4f61bb,PERISHABLE,Least peaceful countries in the Global Peace Index 2024,
2024,58,fc5a9390-640e-44c7-9656-3c93bdf37c62,DURABLE,Alternative name of the BBNJ Agreement,
2024,59,5ea75317-93e0-45f6-b713-e15661a4ea83,DURABLE,Region holding the largest lithium reserves,
2024,60,5b44f24f-1c7b-4a42-b822-3393a48b648e,PERISHABLE,Top three countries at a given International Mathematics Olympiad,
2024,61,53f4f623-2ab7-46e8-9dfb-efb45ce9d735,PERISHABLE,Insurer that launched a named AI health plan; product launch,
2024,62,ce005ad8-65c4-4c19-984b-3d3ef073fd23,DURABLE,Days taken by Aditya L1 to complete its first halo orbit,
2024,63,476a1b17-5848-47ba-9a60-c7015b1a2ef6,DURABLE,Constitutional schedule containing the Anti-Defection Law,
2024,64,8c723e8f-6790-411a-8249-8b60a512b3ce,DURABLE,Maximum fine under the Public Examinations Act,
2024,65,0b0c9568-a2f0-4dd5-a57f-42866eeb2434,DURABLE,Country the Houthis belong to,
2024,66,2735f8fd-d4a7-4666-b67d-02cb8992a0d9,DURABLE,Term for startups approaching unicorn valuation,
2024,67,6e1a77de-bc75-4417-88c8-c6435759514a,DURABLE,The two houses of the UK Parliament,
2024,68,2f3f55fb-f6e3-4a9d-a0bf-ee2749f1dc66,DURABLE,Number of information commissioners besides the Chief Information Commissioner,
2024,69,4cc1af65-893b-4548-ae4c-af73d2077672,PERISHABLE,Top employer brands in a dated Randstad survey,
2024,70,1633fb70-e013-4f85-8c9f-ad306f6e63d0,PERISHABLE,FMCG brand recognition per a dated Kantar report,
2024,71,ba2458c3-0fa8-4521-bac7-fbd4c2507133,PERISHABLE,Sport India did not enter at a specific Olympics,
2024,72,c156f5f1-1850-4f96-b60b-1ec4a8f82850,PERISHABLE,Venue of a dated ICOMOS General Assembly,
2024,73,d699bb86-2cf3-4195-8a66-7b4d2c5faec9,DURABLE,Nomenclature list carrying the Chandrayaan landing-site name,
2024,74,be6b9e3c-7dbe-4638-b76c-f66406815e0f,DURABLE,Author of a named book,
2024,75,c2377279-c3a4-4bce-9fac-ad9fe5bce7e8,DURABLE,Banks involved in a completed small finance bank merger,banking
2024,76,b4e1528c-a68c-452c-8e6c-80260a6f03e9,PERISHABLE,Host venue of a G7 summit,
2024,77,65c278c8-5e09-4b68-80ca-0aa0a5db073a,PERISHABLE,Partner country in a dated UPI linkage agreement,
2024,78,a3fb5fe1-9d94-4d21-9416-8b696ba1e82c,DURABLE,Name of the chilli pungency measurement scale,
2024,79,1143acaa-b912-4b79-86a0-2fd5dfabf6db,PERISHABLE,Focus areas announced in a specific Union Budget,
2024,80,7141e43d-e2ad-481a-aba5-d0c402af0930,DURABLE,Term for false output produced by an AI system,
2025,1,b7108e45-936d-4893-870f-624e6e2bef72,DURABLE,Leading producer states for named crops,
2025,2,df958959-d249-42ea-81c0-7f0b24db6d71,PERISHABLE,Developer of a named AI platform; product launch,
2025,3,1cd7dcac-dae6-4539-87d1-57333a5f7193,DURABLE,Country in which named mountain peaks lie,
2025,4,a4679a2f-94e7-4caf-adc8-c709420959c4,PERISHABLE,SDG scope of a dated WFP collaboration,
2025,5,d7989933-1358-4c7d-bd31-13187372961d,DURABLE,Countries with more than one capital city,
2025,6,01e9246e-c036-493d-8981-9d4739dcdb35,DURABLE,Frequency of the Sea Dragon exercise,
2025,7,c2ec4fae-6110-4573-ac56-3821d770401c,DURABLE,Target groups of the NCFE Financial Education Programme for Adults,financial-awareness
2025,8,65139476-3941-422f-99a9-0f46bd22a325,PERISHABLE,Top Indian university in a dated QS ranking,
2025,9,619759c6-e9ee-425b-bf4c-7305035fe1f9,DURABLE,GST rate slab assigned to a pre-packaged item,economics
2025,10,dfd8376e-b493-4685-9978-9cd0c56a6655,PERISHABLE,Serving Director General of ICMR; appointment,
2025,11,17855327-6e9c-44e3-8000-3a19ee8f3519,DURABLE,Housing loan limits by urban cooperative bank tier,banking
2025,12,a563bf34-cab2-4001-aeb0-245426a3a1a6,DURABLE,Member states of EFTA,
2025,13,129a6ae1-1ede-4f52-847a-e0ab53efb929,DURABLE,Institution that conducts the All-India Debt and Investment Survey,economics
2025,14,924f659f-a4d9-4819-afac-6cd769e417b7,PERISHABLE,Observance date of World Mental Health Day,
2025,15,8394cecb-162c-40a6-a338-f78884177bc1,DURABLE,Regulator of venture capital funds in India,capital-market
2025,16,34547acf-12eb-44c4-abb5-9174c085435d,DURABLE,Aggregate 24-hour UPI limit for capital market transactions,banking
2025,17,99e371db-149a-4cdf-81f3-d853748e0d60,DURABLE,Headquarters of the Geological Survey of India,
2025,18,261b501a-3b31-42cd-8642-7e5658dbec87,PERISHABLE,Banks that joined a carbon accounting partnership,
2025,19,bf87a311-73c2-40f8-9b01-70dc6c4249ea,PERISHABLE,Portfolios held by a named minister; appointment,
2025,20,7495cfb4-9663-49a4-99a7-2d0b9e555b7a,PERISHABLE,Campaign launched in a stated month; launch event,
2025,21,91c8e0da-0f3d-42c8-890b-6b68fe32250b,DURABLE,Minimum credit rating for an NBFC-D to accept public deposits,banking
2025,22,3f519bc3-a2a0-4f94-b6dc-211e29911ee5,DURABLE,Programmes under the skill development umbrella,
2025,23,8f9e55f9-5f75-4838-bb62-891a601437ec,DURABLE,Bank category for which RBI stopped issuing licences after 2004,banking
2025,24,308cffed-e8b3-4dd3-8b93-4a8642a6d792,DURABLE,Minimum margin under the Differential Rate of Interest scheme,banking
2025,25,c391d9ef-8630-4643-84a1-83f3db790666,DURABLE,Minimum net worth for an NBFC-MFI,banking
2025,26,3d598a6c-7449-42fa-863b-2bad65abae03,PERISHABLE,Serving ISRO chairman; appointment,
2025,27,363e032b-722a-4211-b81a-91a1729e1a25,DURABLE,Entities empowered to enforce security interests under SARFAESI,banking
2025,28,5522f400-2925-48cf-bbcc-588e713fac1b,PERISHABLE,Organisation approving a stated clean energy facility amount,
2025,29,308ef4be-d09b-42c0-970e-0cf7baea5fcd,DURABLE,Minimum net worth for payment aggregator registration,banking
2025,30,7b50ed9a-79a9-4723-b307-188c86c6ef1b,DURABLE,Enhanced per-transaction UPI limit for specified categories,banking
2025,31,da740899-0bcf-41c2-9c3c-a4cdf027d473,DURABLE,Kharif forage crops,
2025,32,ac021134-3d01-4a54-95b6-5bcf930f62e3,DURABLE,Planet with the largest volcano,
2025,33,22de39f7-55a9-4303-a94a-b70b5b2456b5,PERISHABLE,Observance date of an international day,
2025,34,5896bb1b-4f1b-4b85-93cb-f8b7e0753f25,PERISHABLE,Service count in the RBI Citizen's Charter after a stated update,
2025,35,6e5c838c-4818-43cc-b3d2-356c7a87bde9,PERISHABLE,Daily capital market turnover on stated 2025 data,
2025,36,9606ad52-7f77-4113-a731-4a0cc675f0c3,DURABLE,State associated with the Thewa Art GI tag,
2025,37,2a3e0fa5-a303-437d-8dbc-3495a3d1b808,PERISHABLE,Theme of World Population Day 2025,
2025,38,430386e5-b4a7-448d-bc03-958e27df17c1,DURABLE,Origin of the title conferred after the Bardoli Satyagraha,
2025,39,5ed0efe5-278c-49ee-896a-27af0c7de69c,PERISHABLE,Winner of a dated chess tournament,
2025,40,068ac1e8-bab9-4a16-aa19-3f255dde38ab,PERISHABLE,Country of the agency that upgraded India's sovereign rating,
2025,41,e208a9fa-790f-48b7-8039-3db1372c6662,DURABLE,Balance above which banks may set differential savings rates,banking
2025,42,35b8579a-a850-4859-8cd4-5e0c9bbc3429,DURABLE,Entities to which Basel III capital norms apply,banking
2025,43,28dca866-0234-4caf-803c-9ae5fb8348c4,DURABLE,Parameters in the Quality dimension of the FI-Index,banking
2025,44,b690d07e-4fcf-49ed-babf-1de0fa149b7e,DURABLE,First Indian recipient of the Pulitzer Prize; fixed history,
2025,45,78e01d61-48df-48b0-aed6-bdeb5830e5d3,DURABLE,Eligibility and capital requirements for small finance banks,banking
2025,46,21fc1dee-890e-453b-be65-1c58efbc56ed,PERISHABLE,Count of Maharatna CPSEs as of a stated year,
2025,47,459e3f57-9caa-400f-bb22-9bebcb79999d,DURABLE,Countries ranked by geographical area,
2025,48,323d182a-1639-4a16-a640-28b2d8cc2934,PERISHABLE,First fintech to operationalise the retail digital rupee wallet,
2025,49,fdd2c284-61f6-45bb-a90e-d516f6cccffb,DURABLE,Operating rules of the Basic Savings Bank Deposit Account,banking
2025,50,c46e52a6-5364-45c1-b5e5-a913a0733f36,DURABLE,Number of strategic pillars in the RBI FREE-AI framework,banking
2025,51,489185ed-ce45-4b98-a13d-e7c16aac301a,PERISHABLE,Top five in a dated IMD competitiveness ranking,
2025,52,930e47fd-cd36-4608-bf65-9f276c7e78ce,PERISHABLE,Name of a naval base inaugurated in a stated month,
2025,53,d85e6f2f-d72a-4ec7-a0b0-eb50baa1dc99,DURABLE,AERB acronym expansion,
2025,54,a4a8360a-3d89-4e01-ae18-7942167191f9,PERISHABLE,President of CII for a stated term; appointment,
2025,55,d4eb19f3-b01e-43a9-8914-8b18eb6b75f7,DURABLE,Year the MiG-21 was commissioned into the IAF,
2025,56,b59c62bf-e5d7-496f-b9ca-a06dba55d2b8,DURABLE,Year the Planning Commission was replaced by NITI Aayog,economics
2025,57,8cc66305-2aa4-4cc7-8028-3337646bb664,DURABLE,Nobel Prize category instituted in 1968,
2025,58,452f1e81-c5d2-47c4-8d36-f8cc3863bb00,DURABLE,Qualitative instruments of monetary control,economics
2025,59,76d56717-5b7e-4806-bc23-4e6be92f4da2,DURABLE,Constitutional deadline for filling a Vice-Presidential vacancy,
2025,60,1776f819-be8f-4bd8-9ee7-7fee01f72a3b,DURABLE,S3WaaS acronym expansion,
2025,61,316601a9-1e15-4476-8732-580f584827c4,DURABLE,RBI data sets published on a daily basis,banking
2025,62,b1344732-0b5e-4dae-ac84-ffad33f04440,PERISHABLE,Partner country in a dated cross-border payments tie-up,
2025,63,cf3faf75-ac41-4024-a832-3ef1c230bada,PERISHABLE,India's subcomponent performance in a dated Human Development Report,
2025,64,67ad6288-b1ea-4d89-932e-670a65c565b0,DURABLE,Countries in which named rivers originate,
2025,65,0187dc2a-c63d-43db-87d5-19149ae39a53,DURABLE,Location of India's first bamboo-based ethanol plant,
2025,66,b8859b98-5bd2-4736-be71-6346397bdb8f,DURABLE,States covered by the Green National Highway Corridors Project,
2025,67,11d4eb3d-a5bf-44a6-b9e1-3bd735df0fd6,PERISHABLE,Countries with operational small modular reactors as of a stated year,
2025,68,fb41e2c9-dec4-47cd-91a4-8e26f77d0c5e,PERISHABLE,India's ranks in the Global Innovation Index 2025,
2025,69,817e9feb-25c7-49d8-bb89-8a5c67e00833,DURABLE,Launch year and organisers of the World Green Economy Summit,
2025,70,58c5c56d-b0db-4e67-ad1b-2d7e4bfcd500,DURABLE,Sustainable Development Goal covering quality education,
2025,71,00ac2d8f-3e72-4b55-b0e9-f0611b410010,DURABLE,Name of the tri-service all-women circumnavigation expedition,
2025,72,da0846a8-fb42-49c4-b9df-7447a5295d75,DURABLE,State that pioneered identity cards for women self-help groups,
2025,73,7539b035-f878-4bc9-8e7d-3f5582a964db,DURABLE,Ex-officio President of CSIR,
2025,74,da16eef0-aef4-4ece-985a-cf05db36caf6,PERISHABLE,Includes a year-specific sugarcane price movement,
2025,75,71fd899a-b967-418a-8079-7cbb08fbf975,DURABLE,Maximum tenure of an RBI Ombudsman under RB-IOS 2021,banking
2025,76,160fbfab-367a-48c8-a5bf-7c2233001177,DURABLE,Author of a named novel,
2025,77,e336a437-36d8-4600-a35f-b38f44d4436b,DURABLE,Authorised capital of IIFCL,banking
2025,78,ea5cbcc8-b3b5-4731-aae2-21b6837d81cf,PERISHABLE,Guinness record for insurance policies sold in 24 hours,
2025,79,4134fd56-569d-48c1-b72e-c5a2b126cd4d,DURABLE,Effective date of mandatory CSR provisions under the Companies Act 2013,economics
2025,80,e7dae8e3-af8f-461e-b9db-6259a422c869,DURABLE,Sites on the UNESCO World Heritage List,
2026,1,04ffc54a-812b-4c61-b25c-1f908ede131f,DURABLE,Defining significance of the Digital Public Infrastructure model,banking
2026,2,2f2031eb-b068-4189-9c44-8520a689b3e9,PERISHABLE,OPEC membership as of a stated month,
2026,3,ef3abb4d-658b-48b1-af7e-d8f6b0bfd75d,DURABLE,Counterparty to the CEPA signed in December 2025,economics
2026,4,de1fe05f-4db9-4e7d-b736-bc661891ccd3,PERISHABLE,City where a civilian honour was conferred,
2026,5,6b0f11cc-917a-4b79-a528-d7d31821cf55,PERISHABLE,Observance date of GST Day,
2026,6,9d688c8e-f58d-4519-9d70-63bbf51e5eb6,PERISHABLE,Observance date of the International Day of Yoga,
2026,7,2022e57d-54e8-48b3-a1ca-9a6ae593ef20,PERISHABLE,Cricketer who became co-owner of a franchise,
2026,8,91a65ba0-669c-4fbe-a590-bbb544b1b0ac,DURABLE,Personality memorialised at Vijay Ghat,
2026,9,b1b9849f-bd96-4cc0-a1ec-47a8ba1c769a,DURABLE,Meaning of the term Brexit,
2026,10,4a0e3cc6-8e0b-42ea-a182-4b0a4761a47f,DURABLE,Selection process for the Padma Awards,
2026,11,567adce5-89df-4dc8-8e92-f2716b321b54,DURABLE,Membership of the Commonwealth of Nations,
2026,12,d5975b37-c0aa-4532-9030-178ce9bc6a3e,DURABLE,Departments under the Ministry of Agriculture and Farmers Welfare,
2026,13,e0785b24-5a22-4270-903f-29bf8ca8ce88,DURABLE,Meaning of the Frozen Series in post-Independence Indian coinage,banking
2026,14,db8e599f-e6a6-4020-85db-ce46a0258cf9,PERISHABLE,Location of a newly launched Indian Railways centre,
2026,15,74e8eb73-feda-431e-ae1e-d817ecc2f3bc,DURABLE,"Statutory roles of SIDBI, EXIM Bank and PFRDA",banking
2026,16,df98d6c3-307d-42d2-9d88-9fc3cba2b14f,PERISHABLE,Identity of an AI e-commerce chatbot; product,
2026,17,29e05594-470e-4f38-87df-2db9ad5bf3b8,DURABLE,Strategic pillars of the RBI Utkarsh 2029 framework,banking
2026,18,16ebb855-d630-4b16-aa86-160abcbb225f,DURABLE,Statements on the Mughal Empire; fixed history,
2026,19,f3891a94-4292-4271-8cd8-098f2d7c9347,PERISHABLE,Host of a dated ICC tournament,
2026,20,c6f4a179-832d-4d00-8e21-d3851ae27ee5,PERISHABLE,Design statements about the forthcoming Census 2027,
2026,21,687061dd-0502-4743-90c1-808b215ebbbe,DURABLE,Ancient Indian text on polity and statecraft,
2026,22,fba8b074-a1ac-4ac1-ac0b-ae4423d6e9b0,PERISHABLE,Bank that won a dated SHG-Bank Linkage award,
2026,23,435e6157-3134-451d-a3b0-d7e169ea32a4,PERISHABLE,State for a proposed underwater tunnel; project not fixed,
2026,24,731f7ea2-af59-4434-963c-ec99b77bf40e,DURABLE,IUCN Red List category of a named species,
2026,25,96983e4c-9443-438f-ba1d-4a9622cb33a7,DURABLE,Statue located on the bank of the Narmada,
2026,26,e31db937-4117-4543-944a-0ffa11ad37c6,DURABLE,Popular nickname of the National Security Guard,
2026,27,81ef43fd-1890-405f-9ce2-48ecb8b555ec,DURABLE,Character length of a DIGIPIN,
2026,28,a7cd2a57-d363-4ead-ba0b-5290d0ceb402,PERISHABLE,Payments bank whose licence was cancelled in a stated month,
2026,29,d05258b3-b61d-47be-b1c6-752e578da1ca,DURABLE,Minimum transaction amount for RTGS,banking
2026,30,fd588fbf-d6de-4553-809b-0941ae676f05,DURABLE,Author of a named biography,
2026,31,50a601b2-a5b1-4d35-972c-b57d1937cd63,PERISHABLE,Bharat Ratna recipients,
2026,32,0a1a3638-6d31-46b8-b17d-2fa4af6dcdbd,DURABLE,Country where the QR code originated,
2026,33,be6cee63-52ce-4af0-a166-65ee63ac9904,DURABLE,Location of a diamond mine in India,
2026,34,799413a5-0a2a-4717-a6c4-b34dde156250,DURABLE,Locations of Government of India currency note printing presses,banking
2026,35,e632c832-0d26-4c61-bb8c-abbde570ac90,DURABLE,Authority that introduced IMPS,banking
2026,36,c3a497a7-9821-4a3b-99c5-11961fefda9c,DURABLE,International group in which India holds permanent membership,
2026,37,d55a8109-c3ce-4e08-8800-2ba9574fed77,PERISHABLE,Bank that signed a dated MoU with GeM,
2026,38,9d3bf2a4-fd78-4666-8562-3117423f24c7,DURABLE,IMF definition of geo-economic fragmentation,economics
2026,39,978308d3-3020-45b1-bee7-e05d9a8237ab,PERISHABLE,Framed on the result of a dated chess tournament,
2026,40,7b6e13e8-ac4c-444c-b3b6-b10f0094aa31,PERISHABLE,State for an underwater museum still under development,
2026,41,9f00a91a-b5cd-4d75-b20f-1c91b2e71336,DURABLE,Name of the RBI-issued digital currency,banking
2026,42,6c929b39-df7d-40a7-9df7-d26ae33bc1bd,DURABLE,Indian fort wall ranked after the Great Wall of China,
2026,43,977fc7d2-9209-41a9-b086-aa58f10c4ae9,DURABLE,Geographical statements on the Aravalli Range,
2026,44,b51c3c4e-a34c-49f9-a14c-e66bb964a02d,DURABLE,Form replaced by Form 130 as the TDS certificate for salaries,economics
2026,45,2e6d4e64-95cf-44de-8875-01b25c1f48ba,DURABLE,Scheme providing all-weather rural road connectivity,
2026,46,68e42cf5-bdc0-44dc-b55e-0b32cccf5dc6,PERISHABLE,Chairman of the 16th Finance Commission; appointment,
2026,47,b8b7b526-5f4a-4e6c-a745-c7278d4d8b9c,DURABLE,Currency in which World Bank Atlas GNI per capita is expressed,economics
2026,48,3bc9fd7d-5859-43f1-9dcd-5851b548e7f9,PERISHABLE,Holder of a numbered Chief of Naval Staff appointment,
2026,49,4fe8bf7a-616d-4429-98ff-24bfa1d9ac7f,PERISHABLE,Consortium in a dated franchise acquisition,
2026,50,cbaa3783-ccfe-4e0b-a8b3-204aad07c090,DURABLE,Country in which Chabahar Port is located,
2026,51,b6154be5-0c97-4d1b-9085-61db1b0ff915,DURABLE,Benchmark index of the National Stock Exchange,capital-market
2026,52,589f35cb-b76f-42b3-9703-2da6982a1ab4,DURABLE,Components of India's foreign exchange reserves,banking
2026,53,b15cae37-0c87-4b04-a5fc-b7a382470347,PERISHABLE,Union Territory holding a Guinness record,
2026,54,86002779-8904-4179-8b03-6ba2d7001140,DURABLE,Rivers on which named dams are built,
2026,55,b30bbf95-5f03-42dd-9f17-ea9dd47c0b55,PERISHABLE,Bank that received a dated PFRDA award,
2026,56,7105ad1e-b88f-4afa-b261-7a33a4eb90bc,DURABLE,Sector addressed by the RBI Mission SAKSHAM initiative,banking
2026,57,7802b29f-d1c9-4981-a09f-a339deaa043f,DURABLE,JANANI acronym expansion,
2026,58,922d1947-2b01-4243-83aa-789c7ba407c9,DURABLE,Leader who was both Congress President and President of India,
2026,59,91675498-0569-496e-8d80-11c891abf42b,PERISHABLE,Park where a tagged turtle was released; dated event,
2026,60,928c8863-88b8-4b61-91f4-32d682e5b755,PERISHABLE,Host of an inaugural cricket tournament,
2026,61,4ac4735e-ef03-4ce1-8b15-565c201734d3,DURABLE,RBI portal for digital submission of regulatory applications,banking
2026,62,dd38a08c-5445-49ca-bbdb-d5fd4185aec5,DURABLE,Currency-country pairings,
2026,63,c02fea59-8401-4fb7-b276-a448bde38fa8,PERISHABLE,Top rank in a dated World Press Freedom Index,
2026,64,44a29ded-7bfb-43d7-949b-c1fc34797e05,PERISHABLE,Bank announcing a dated regional investment programme,
2026,65,d435def6-8729-4739-9750-91403668a092,DURABLE,Biodiversity hotspots located in India,
2026,66,94ce286e-c5cb-447f-bc2f-65c818c4becc,DURABLE,UPI variant permitting offline low-value payments,banking
2026,67,c26a338e-8567-4748-becf-9d81c59255b4,PERISHABLE,Commodity under an export restriction extended to a stated date,
2026,68,54dd9e3e-17f2-4d72-9939-b53c93cb873e,PERISHABLE,Winner of a dated literary prize,
2026,69,7ecdb3f0-003c-4c2e-9d80-1ece9f65d7eb,PERISHABLE,Fintech granted an NBFC licence in a stated month,
2026,70,02a9bdaa-c40f-4977-876d-ed4f107251ee,DURABLE,Country lying along the Pacific rim,
2026,71,acbee2a8-8961-4ffb-a443-22eeb4dc2f4b,DURABLE,Identification of a Fundamental Right,
2026,72,db183f8d-748a-4340-ad0e-5a44a026bf1a,DURABLE,Supreme Court initiative integrating judicial case data,
2026,73,1801d1c0-7922-4a17-adb6-374031799f1d,DURABLE,Membership of the State Level Bankers' Committee,banking
2026,74,4e6985ab-cded-482f-b6c6-9969afc31733,DURABLE,Country to which CTBC Bank belongs,banking
2026,75,41ffa638-a718-46e0-8c78-10588af603ac,DURABLE,Pioneers matched with India's major revolutions,
2026,76,3b5103c4-e6d0-452c-9366-d7d58a3b779a,PERISHABLE,Bank credit growth for SCBs at a stated date,
2026,77,b2e9bac9-ffee-4db3-b5cb-0737ec403527,DURABLE,Body that released a named urban governance report,
2026,78,d96cfb79-19ef-49de-93be-1538fcddb0d9,PERISHABLE,Top company in a dated unlisted-company list,
2026,79,150337ff-ae50-44a6-aabc-fc772b95a9d7,DURABLE,Minimum annual contribution to a PPF account,banking
2026,80,46a64e8c-60c2-4cc2-9c66-c22985622365,PERISHABLE,Renewable capacity milestone tied to a stated date,
